id,domain,status,purchase_price,renewal_price,attractiveness,demand,length,registrar,created_at,expires_at,status_verified_at
c933c997-4e69-4a11-ae39-8a396ec19a5a,dirigible.name,available,8.98,9.98,medium,low,9,namecheap,,,14/08/2026 09:02
f7a4786c-90f0-464d-aa26-3aff6696a16f,locomotor.name,available,8.98,9.98,high,low,9,namecheap,,,24/08/2026 08:50
1196f7b4-7f20-4b79-8d3a-1caeaa671d74,preferred.name,available,8.98,9.98,high,low,9,namecheap,,,09/08/2026 17:53
c394acb9-ef65-4569-87d6-f06b339d3b41,notifiable.name,available,8.98,9.98,medium,low,10,namecheap,,,03/09/2026 22:10
4e265208-c200-43f4-84e6-499ceb170257,carry.name,available,,,high,low,5,,,,
fa5f2bc7-ef3e-4b0d-93b2-deb7c59f0844,bakeshop.name,available,8.98,9.98,high,low,8,namecheap,,,21/09/2026 20:10
a8ace73e-d7b6-439d-a48d-bd7127881662,barnyard.name,available,8.98,9.98,high,low,8,namecheap,,,22/09/2026 06:58
8cd140b0-dc81-4542-bac2-1a228680aba3,sloped.name,available,8.98,9.98,medium,low,6,namecheap,,,07/08/2026 04:26
6114bbcd-b37a-4eaa-8b6f-bfab6040be89,unleaded.name,available,8.98,9.98,high,low,8,namecheap,,,22/08/2026 21:46
0436f194-5579-45d4-9fbc-871650f19515,unplayable.name,available,8.98,9.98,medium,low,10,namecheap,,,12/09/2026 16:54
3d301ddc-ee64-4827-869d-3276abbcbd3b,adenoid.name,available,8.98,9.98,medium,low,7,namecheap,,,
cec8d473-0225-4895-8242-9978a6d4a639,bendable.name,available,8.98,9.98,medium,low,8,namecheap,,,09/08/2026 14:07
0c031d9e-1a58-435d-96e4-9c84bfd79eef,hallowed.name,available,8.98,9.98,high,low,8,namecheap,,,20/08/2026 22:52
3d924648-7ed1-4a48-92d3-1aa1bb5cc6ac,downscale.name,available,8.98,9.98,medium,low,9,namecheap,,,14/08/2026 17:52
d56dd216-9894-4c63-a85c-21d476306bd9,foiled.name,available,8.98,9.98,medium,low,6,namecheap,,,14/08/2026 09:27
c9a3cffd-7a05-4814-8295-abb24e42e64a,mancunian.name,available,8.98,9.98,medium,low,9,namecheap,,,24/08/2026 14:36
e06fb7a9-030d-4e73-9b5d-f115aa343c6f,rapidly.name,available,8.98,9.98,high,low,7,namecheap,,,13/09/2026 20:17
89c41e6e-de1f-4ebd-8236-6becb059d931,calibre.name,available,8.98,9.98,high,low,7,namecheap,,,24/09/2026 11:45
725a898e-7552-4932-b03e-a3f823700cc9,adulteress.name,available,8.98,9.98,medium,low,10,namecheap,,,17/09/2026 10:20
9e2cf777-6ef8-47ba-a2e4-de2a92ab2f7a,salverform.name,available,8.98,9.98,high,medium,10,namecheap,,,09/09/2026 21:02
b0f2ae08-45b1-4113-91b1-9450c892b3be,begins.name,available,8.98,9.98,medium,low,6,namecheap,,,25/09/2026 20:45
d3afe980-0037-44c0-8b95-458f7d7e5e96,tanks.name,available,,,high,low,5,,,,
78fc8768-8713-46d2-9de7-7b3a37b719c3,polyphonic.name,available,8.98,9.98,medium,low,10,namecheap,,,08/09/2026 23:27
c81e399a-f618-4615-bc44-3f9abc8ed782,angostura.name,available,8.98,9.98,medium,low,9,namecheap,,,19/09/2026 07:08
e07967ba-eb79-4af4-bda4-5380f8ed6301,pleading.name,available,8.98,9.98,medium,low,8,namecheap,,,09/08/2026 15:21
336e97fe-527c-488f-a5b2-bc93cf1d4f64,henpecked.name,available,8.98,9.98,medium,low,9,namecheap,,,21/08/2026 06:42
a080b3e3-9ecc-4588-af1f-841b1403938e,women.name,available,,,high,low,5,,,,
d5582d02-9a20-42a4-8842-2da6e3ecf36c,quavering.name,available,8.98,9.98,medium,low,9,namecheap,,,09/09/2026 07:44
f8698c39-9a10-467f-a65f-3d6a0b28f55b,recommendation.name,available,9.98,,high,low,14,namecheap,,,
7748af87-8959-4127-9cc5-f3e9ce1c88b5,despondent.name,available,8.98,9.98,medium,low,10,namecheap,,,24/09/2026 06:51
fefa654f-b642-49c0-b87b-21ad905a7235,vatic.name,available,8.98,9.98,low,low,5,namecheap,,,14/08/2026 13:52
db36d9b2-6547-4be5-8804-660a53a62587,toughie.name,available,8.98,9.98,high,medium,7,namecheap,,,09/09/2026 06:05
31ac78cd-75ce-444f-8844-fd380af1e25a,deficit.name,available,9.98,,high,low,7,namecheap,,,
240f4330-4c80-4568-a119-15ff471006af,foreboding.name,available,8.98,9.98,medium,low,10,namecheap,,,18/08/2026 11:32
7b5c513d-37f5-446a-ba32-3db03968b279,colossal.name,available,8.98,9.98,high,low,8,namecheap,,,12/08/2026 17:57
daca25e9-5548-40b0-a882-848feabfffae,capsular.name,available,8.98,9.98,medium,low,8,namecheap,,,08/09/2026 04:10
70a796bb-c023-48c8-ab92-3dd050aac2c2,unrested.name,available,8.98,9.98,medium,low,8,namecheap,,,12/09/2026 18:02
48552bbf-387c-4fe3-93c5-ac2aaa1801e5,decreasing.name,available,8.98,9.98,medium,low,10,namecheap,,,13/08/2026 22:12
1e55cd87-8038-4610-9d15-5e5e7aff31d5,ilama.name,available,8.98,9.98,medium,low,5,namecheap,,,19/09/2026 10:33
f0d093e9-1c85-4fb5-bd65-1d85f95361ef,forlorn.name,available,8.98,9.98,medium,low,7,namecheap,,,18/08/2026 12:02
29646f79-faf6-4766-846e-1529203dfa26,adventism.name,available,8.98,9.98,medium,low,9,namecheap,,,17/09/2026 10:32
24f2bf07-96cd-46b3-9bfd-62271f6500dd,scribble.name,available,8.98,9.98,high,low,8,namecheap,,,24/09/2026 11:35
68261236-25f9-4935-b927-85163227f49e,anniversary.name,available,9.98,,high,low,11,namecheap,,,
57a667fb-4193-4118-9396-6c38fb45eb25,numerous.name,available,8.98,9.98,high,low,8,namecheap,,,22/08/2026 23:01
4aea4606-9db7-45f9-828c-a6800c11061f,resistance.name,available,8.98,9.98,high,low,10,namecheap,,,12/09/2026 07:26
89fe6870-c7a0-433f-8614-18e7611a77a7,punter.name,available,,,medium,low,6,,,,
c691bc60-200e-4379-b456-4790e859fa0e,photocopying.name,available,8.98,9.98,medium,low,12,namecheap,,,20/09/2026 03:35
4958ce9a-c66f-4843-9d06-3573e4d26acc,spic.name,available,8.98,9.98,medium,low,4,namecheap,,,21/08/2026 20:44
28c8ab6f-ff50-491d-8d37-71f0c6ea83a4,beefcake.name,available,8.98,9.98,high,low,8,namecheap,,,23/09/2026 01:06
05989961-96f8-44f2-a95e-2570c1957c16,scallops.name,available,8.98,9.98,medium,low,8,namecheap,,,19/09/2026 23:48
2a22304f-9cca-4272-8daf-96a94f056dbd,berberis.name,available,10.99,13.99,high,low,8,name.com,,,23/09/2026 09:08
af80bca8-646e-4fa2-95bb-702f16309847,buzzed.name,available,9.98,,high,low,6,namecheap,,,
4aa9648f-6a7d-4967-96c7-eb1eac45695c,nearby.name,available,8.98,9.98,high,low,6,namecheap,,,03/09/2026 14:32
2081c2ae-4fd5-4741-bd8b-8376c037e173,continually.name,available,9.98,,medium,low,11,namecheap,,,
cc53f1a5-38d2-4312-a4fe-40f8f6ab7720,detected.name,available,8.98,9.98,high,low,8,namecheap,,,24/09/2026 07:30
25d38c32-2efb-4d40-8e34-4b796162db98,trepid.name,available,8.98,9.98,medium,low,6,namecheap,,,11/09/2026 16:07
02b984cc-225e-4387-875e-6dd218ea1f58,cyclopean.name,available,10.99,13.99,medium,low,9,name.com,,,13/08/2026 13:51
ead0014e-ff12-4c1c-806b-64eab1a77b7a,cleanly.name,available,8.98,9.98,high,low,7,namecheap,,,12/08/2026 10:21
54ac3f42-7c02-4c95-82d4-bb2631a5f50d,lurid.name,available,8.98,9.98,medium,low,5,namecheap,,,24/08/2026 11:42
eafdea82-b1a8-4c29-81b7-070efd48dbdd,prelim.name,available,8.98,9.98,high,medium,6,namecheap,,,09/09/2026 01:38
fe774437-3b87-4486-b2ec-c3390da64a99,assaulter.name,available,8.98,9.98,medium,low,9,namecheap,,,17/09/2026 17:42
885ce7c0-eb47-4f70-9461-ed47a697542d,twinned.name,available,8.98,9.98,high,low,7,namecheap,,,24/08/2026 16:58
9c164cc6-ac28-4456-8535-8294f28768ab,rescue.name,available,8.98,9.98,high,low,6,namecheap,,,25/09/2026 13:29
349c77c6-9f05-4f05-8f7f-4270a3ab09fd,raspy.name,available,8.98,9.98,medium,low,5,namecheap,,,20/08/2026 18:31
889af47e-0ec5-42d0-8e60-03ecdfb71fff,tillers.name,available,8.98,9.98,medium,low,7,namecheap,,,20/09/2026 14:06
c646b3c4-85aa-43dd-ab47-86409e637f14,anaphor.name,available,8.98,9.98,medium,low,7,namecheap,,,19/09/2026 02:12
09091fe1-e309-46b1-a993-c4501dea746f,patented.name,available,8.98,9.98,high,low,8,namecheap,,,08/09/2026 10:24
9128281e-8ef5-4a49-af60-340c8a8442cf,innovative.name,available,8.98,9.98,high,low,10,namecheap,,,18/08/2026 13:03
f726c36a-4534-4700-ad9c-5b1e1b3a97f8,painless.name,available,8.98,9.98,high,low,8,namecheap,,,04/09/2026 23:04
fd1e1caf-9d29-4920-bcb0-ad539861d313,carolean.name,available,8.98,9.98,medium,low,8,namecheap,,,11/08/2026 19:31
07eb5fb3-1f70-4280-9a30-990638b2eb57,rounder.name,available,8.98,9.98,high,low,7,namecheap,,,23/08/2026 00:51
19b4b296-a63f-4c41-9581-11f0e3521d64,thereabout.name,available,8.98,9.98,medium,low,10,namecheap,,,16/09/2026 08:39
0768c2da-5323-4c00-8664-5c35332d43b9,distaff.name,available,8.98,9.98,medium,low,7,namecheap,,,14/08/2026 13:01
791407e8-7bd9-4789-b5b0-391a8646e8fe,housebound.name,available,8.98,9.98,medium,low,10,namecheap,,,21/08/2026 10:56
9031e03b-caae-4787-b7c5-dc240ba7237e,socialized.name,available,8.98,9.98,medium,low,10,namecheap,,,10/09/2026 13:12
7a658ea9-3f94-4816-bfff-bf491198588c,biodefence.name,available,8.98,9.98,medium,low,10,namecheap,,,23/09/2026 17:51
8e5d553c-73fa-4d64-83ff-dae813bd7292,woodsy.name,available,8.98,9.98,high,low,6,namecheap,,,06/08/2026 13:04
43853ebd-88a1-49fd-a490-ee397add5775,vegetables.name,available,8.98,9.98,high,low,10,namecheap,,,16/09/2026 12:36
4dad6a64-4d6c-4e5e-8426-2e41aa9175a6,reservedly.name,available,8.98,9.98,medium,low,10,namecheap,,,15/09/2026 23:22
6cd7c4cc-ae1b-46fa-8cab-e120ecfe78df,fulsome.name,available,8.98,9.98,medium,low,7,namecheap,,,11/08/2026 11:40
ab5b7d3d-9727-4104-9670-c30c48e5189b,gutless.name,available,8.98,9.98,medium,low,7,namecheap,,,20/08/2026 21:12
148f52b8-9d1a-4dbb-a17a-044ab6416f80,whips.name,available,8.98,9.98,medium,low,5,namecheap,,,17/09/2026 19:42
a1199ce7-1037-426a-90a3-e9de516d8ba8,addible.name,available,8.98,9.98,medium,low,7,namecheap,,,
3809d24c-c1d3-4ff6-8178-44268b0a120a,chimp.name,available,8.98,9.98,high,low,5,namecheap,,,24/09/2026 14:40
a9f8e475-b88b-4923-b6fb-38b9e3cf94bf,writes.name,available,8.98,9.98,medium,low,6,namecheap,,,17/09/2026 14:27
25a38bdd-c42a-423a-9aae-60e711e134c0,holder.name,available,,,high,low,6,,,,
5b90d1d0-f18a-406c-bd0b-cf3bb16d4c2c,nazi.name,available,8.98,9.98,medium,low,4,namecheap,,,03/09/2026 13:40
dbbf862f-338c-4409-b28c-0134cff41067,deafening.name,available,10.99,13.99,medium,low,9,name.com,,,13/08/2026 19:54
4b3adbaa-0297-448f-b2e6-05b00e5e3d55,baghdad.name,available,,,medium,low,7,,,,
b950b9ab-8b79-4b3c-a997-14cf0ca80729,showing.name,available,8.98,9.98,high,low,7,namecheap,,,25/09/2026 10:36
35087622-d49f-45ad-9e88-28ef64db29b5,milfoil.name,available,8.98,9.98,medium,low,7,namecheap,,,17/09/2026 00:37
98106022-10d2-407e-b690-e32d37329fe9,overpriced.name,available,8.98,9.98,medium,low,10,namecheap,,,04/09/2026 21:26
e1b85b59-6b5c-48b5-af5e-01bda63c2f10,wiper.name,available,8.98,9.98,high,low,5,namecheap,,,24/09/2026 17:39
2440051c-7703-4bfc-bdd1-55361a0234c3,gainful.name,available,8.98,9.98,high,low,7,namecheap,,,18/08/2026 19:30
eaeb8cc4-b222-4277-8396-1f241b7a1e0a,fatten.name,available,8.98,9.98,medium,low,6,namecheap,,,17/08/2026 23:09
95d5a941-1e10-4988-9352-e1cbf35dda22,remedy.name,available,8.98,9.98,high,low,6,namecheap,,,13/08/2026 11:01
be4e17df-b523-4265-a93b-0c2fae3f44a7,asphodel.name,available,8.98,9.98,medium,low,8,namecheap,,,20/09/2026 15:08
fb5fff7c-b8ad-4ddd-be55-411041b9cb1d,desolation.name,available,10.99,13.99,medium,low,10,name.com,,,22/09/2026 05:24
632b9dbc-b5f0-47a5-90ca-f77911bcd0a5,soulful.name,available,8.98,9.98,high,low,7,namecheap,,,10/09/2026 14:42
1484e815-4ea8-4258-b083-5f031268f33d,selective.name,available,8.98,9.98,high,low,9,namecheap,,,10/09/2026 01:58
5bc9875d-a072-4984-a78c-2a64a91b5bea,bataan.name,available,8.98,9.98,medium,low,6,namecheap,,,22/09/2026 13:10
60925bfc-d350-48e6-8aa6-b2c8da96bdb1,andes.name,premium,918.85,13.99,high,low,5,name.com,,,19/09/2026 04:04
7317ce1b-6365-4244-ab82-87b7a6190917,mandaean.name,available,8.98,9.98,medium,low,8,namecheap,,,24/08/2026 14:38
c30cda6f-25c1-413d-a9e4-153d727cfc45,constancy.name,available,8.98,9.98,high,low,9,namecheap,,,24/09/2026 17:32
6de4f4c5-8775-4f63-9b0b-9ac8ac3e9c28,damnable.name,available,10.99,13.99,medium,low,8,name.com,,,13/08/2026 16:29
082c91a0-d0b7-4e71-a7b6-9ca000bb337b,hydric.name,available,8.98,9.98,medium,low,6,namecheap,,,21/08/2026 16:23
216de753-6e9a-4a8d-bd59-a5a3ec406ca2,intestate.name,available,8.98,9.98,medium,low,9,namecheap,,,22/08/2026 08:24
9fe13e65-0e2a-4a0f-b420-dfe8c8c7f9f1,alpena.name,available,8.98,9.98,medium,low,6,namecheap,,,18/09/2026 13:31
8c976c8a-e986-46cf-9b4c-9194a3b5689f,especially.name,available,9.98,,high,low,10,namecheap,,,
ca2cc00e-0cbb-4de5-be24-feed9221976d,stabbing.name,available,8.98,9.98,medium,low,8,namecheap,,,22/08/2026 19:19
75f3205f-09d7-4caa-a23b-75247c7133fd,disgraced.name,available,8.98,9.98,medium,low,9,namecheap,,,14/08/2026 10:21
36fea8f1-b119-44f1-a34f-4511b709c8a9,anklebone.name,available,8.98,9.98,medium,low,9,namecheap,,,19/09/2026 09:43
79fb3edd-d53e-4112-9381-10eb9d9a735a,terminally.name,available,8.98,9.98,medium,low,10,namecheap,,,16/09/2026 08:25
f8a5f041-4603-4ab4-a9b7-7fca8bb3d294,alopex.name,available,8.98,9.98,medium,low,6,namecheap,,,18/09/2026 13:19
0a446a14-3510-471e-8daa-f0ba067ee8ed,daddy.name,available,,,high,low,5,,,,
9b0bcdd5-7b24-479b-80be-e593f93ab5b0,benefactor.name,available,8.98,9.98,high,low,10,namecheap,,,23/09/2026 07:53
d91da0b3-c3a3-4189-9f2b-318b99fb35de,baseline.name,available,8.98,9.98,high,low,8,namecheap,,,22/09/2026 10:15
6c7a782e-d17c-41c3-af23-25890f19fab4,vibrate.name,available,9.98,,high,low,7,namecheap,,,
47aa84ac-da4c-45ec-ad6f-60429a73dbc3,taiwan.name,resell,,,high,high,6,Dynadot Inc,15/01/2004 04:19,15/01/2027 04:19,26/09/2026 09:29
89e5ae49-6388-443a-9afa-5a9eb651372e,poetic.name,available,8.98,9.98,high,low,6,namecheap,,,08/09/2026 22:33
2affcc43-bb67-4c68-b625-4064a4c6f6f2,documental.name,available,8.98,9.98,medium,low,10,namecheap,,,14/08/2026 14:27
938ab355-48ea-4682-b5be-3ee59870cff2,criticize.name,available,9.98,,high,low,9,namecheap,,,
c74c11bd-f848-452f-b266-91973df89a28,ripely.name,available,8.98,9.98,medium,low,6,namecheap,,,15/09/2026 23:48
5630bbc4-19f4-4425-969b-583eb7132aa7,cypriot.name,available,10.99,13.99,medium,low,7,name.com,,,13/08/2026 14:08
dbbd55d9-d629-45cc-b6f9-7621e8f6b242,songbird.name,available,9.98,,high,low,8,namecheap,,,
783116a7-6035-45a9-9271-16f8474eaae3,outlawed.name,available,8.98,9.98,medium,low,8,namecheap,,,21/08/2026 19:52
16d5fb00-c9ed-45fb-9da6-b257e589cbeb,calculates.name,available,8.98,9.98,medium,low,10,namecheap,,,21/09/2026 10:23
bf7587e8-ba2e-4eb2-94ae-33b2ba66f670,humdrum.name,available,8.98,9.98,medium,low,7,namecheap,,,21/08/2026 15:05
0e65071b-7bcc-44fa-a6ba-a326c66f6c6c,heat.name,available,9.98,,high,low,4,namecheap,,,
2c53425a-4e69-4486-9a95-e46a27249b9d,restructure.name,available,9.98,,high,low,11,namecheap,,,
bce808e6-cd76-4a86-9c46-b98d5b0170eb,helped.name,available,8.98,9.98,medium,low,6,namecheap,,,25/09/2026 18:33
b2adb023-e199-456c-8497-42ec9217649c,chivalrous.name,available,8.98,9.98,high,low,10,namecheap,,,12/08/2026 06:14
1e64135d-1710-4790-a7dc-4230967088df,hydrous.name,available,8.98,9.98,medium,low,7,namecheap,,,21/08/2026 16:14
0f369f02-1f27-49ac-99ff-deb7115ab25c,metameric.name,available,8.98,9.98,medium,low,9,namecheap,,,24/08/2026 21:39
817cb750-0a1b-451d-8092-ee4442ff0584,ballota.name,available,8.98,9.98,medium,low,7,namecheap,,,21/09/2026 23:16
e850d06e-6c27-4e5e-8beb-2fc9374d50e6,dogmatism.name,available,8.98,9.98,medium,low,9,namecheap,,,23/09/2026 15:23
6777de16-3273-422a-b299-507dac71a81c,credit.name,available,,,high,low,6,,,,
43c435e3-a0ec-4c3d-9b3a-618431939220,numb.name,available,8.98,9.98,medium,low,4,namecheap,,,22/09/2026 19:39
134d60f7-d9a8-4b66-8d7e-5f258381e7d3,hardworking.name,available,9.98,,high,low,11,namecheap,,,
b00f0d16-a6ba-423c-8517-fa6c41a77ec3,jadestone.name,available,8.98,9.98,medium,low,9,namecheap,,,22/08/2026 11:54
f1194b2e-37af-4f87-9fa4-cb863cfe3962,equivalent.name,available,8.98,9.98,high,low,10,namecheap,,,24/09/2026 14:50
235c1c24-12bf-4bb2-b241-611461c8de7c,integrate.name,available,8.98,9.98,high,low,9,namecheap,,,24/09/2026 06:03
5ceb3ad8-f4c3-43db-8d82-51a316d8cc93,palpitant.name,available,8.98,9.98,medium,low,9,namecheap,,,05/09/2026 00:17
d039086d-fc73-40e1-8169-db5f72d06eac,deejay.name,available,,,high,low,6,,,,
8ffe4b30-18c5-45ae-b18b-bbdf295eef5c,superlunar.name,available,8.98,9.98,medium,low,10,namecheap,,,11/09/2026 02:21
a4e0a654-ee2f-4cd3-bebd-e19286595b32,tinned.name,available,8.98,9.98,medium,low,6,namecheap,,,11/09/2026 16:17
0a0ceb9e-8fcc-4f12-8865-69f475863252,shapeless.name,available,8.98,9.98,medium,low,9,namecheap,,,
6f0d6f47-3b63-47f7-9b7d-15209509ba45,according.name,available,8.98,9.98,high,low,9,namecheap,,,
97f30df0-1e2d-4b84-9853-e4bf2e40c49d,madison.name,available,,,high,low,7,,,,
62a6ed7b-58c8-4ed7-b770-93b98f557a6c,reservations.name,available,8.98,9.98,medium,low,12,namecheap,,,17/09/2026 23:30
14180a8c-13ee-45ee-a207-c42492de348d,appropriately.name,available,9.98,,medium,low,13,namecheap,,,
2e727eef-2685-4f80-aeb6-04ca1c4b5ec8,atropa.name,available,8.98,9.98,medium,low,6,namecheap,,,21/09/2026 00:54
125618b4-0b97-4b47-b340-0a9499aec1e2,chargeable.name,available,8.98,9.98,medium,low,10,namecheap,,,12/08/2026 02:27
ca531119-d20d-403d-b595-1e0c04e66548,ponderable.name,available,8.98,9.98,medium,low,10,namecheap,,,12/08/2026 15:42
6387ed3a-48e9-461e-84a1-e048a644bf3c,frunze.name,available,8.98,9.98,medium,low,6,namecheap,,,23/09/2026 21:44
3052466c-4312-4e77-9981-08b89a88f827,confusing.name,available,8.98,9.98,high,low,9,namecheap,,,23/09/2026 20:14
f2beb5cf-ffed-4b3c-95d7-e9948d30f859,cucumber.name,available,9.98,,high,low,8,namecheap,,,
90235fed-7a74-4cf4-9fc4-fcca8164a742,bedder.name,available,8.98,9.98,medium,low,6,namecheap,,,22/09/2026 23:13
e43ceaaa-b569-4d7b-9dc9-3a9ba0d6d0b6,affinity.name,available,9.98,,high,high,8,namecheap,,,
06bae94c-ec7c-46ce-808e-4d5e4b844193,soggy.name,available,8.98,9.98,high,low,5,namecheap,,,10/08/2026 17:14
385ad633-4b8e-4189-9b15-c89fda9fae9b,pertinent.name,available,8.98,9.98,high,low,9,namecheap,,,06/08/2026 07:59
18d7dc2f-58f9-4186-bc08-7bfb910939d4,gaussian.name,available,8.98,9.98,high,low,8,namecheap,,,18/08/2026 20:52
229579c9-3b40-4cb5-a7be-34ecc84523ba,vivacious.name,available,8.98,9.98,high,low,9,namecheap,,,13/09/2026 05:07
bf729a55-1d54-46e5-84c5-2d9dc629f9ae,concealing.name,available,8.98,9.98,high,low,10,namecheap,,,12/08/2026 19:52
2488eab1-560d-431c-8bf1-c80178933a88,pennate.name,available,8.98,9.98,medium,low,7,namecheap,,,08/09/2026 14:37
3bd51758-260b-4d96-b2c1-47fff8b65146,croatia.name,available,8.98,9.98,high,high,7,namecheap,,,24/09/2026 19:38
6b70873f-06a2-4858-b9e9-fa5addc7c2f7,monestrous.name,available,8.98,9.98,low,low,10,namecheap,,,25/08/2026 04:32
ff37b19a-26e7-4be4-95fe-36b64233a81f,auklet.name,available,8.98,9.98,medium,low,6,namecheap,,,21/09/2026 04:08
90f8ceb1-8e96-4f46-9ff9-19ef3643ef65,communism.name,available,8.98,9.98,high,low,9,namecheap,,,24/09/2026 16:38
efcc0144-d505-426a-bed5-1f6ba8722b7f,unq.name,available,8.98,9.98,medium,low,3,namecheap,,,20/09/2026 22:06
345bb5c7-01f1-4d5a-ae03-56c76d432026,weakest.name,available,9.98,,medium,low,7,namecheap,,,
5c4b706e-6f50-4398-883c-ff29b1dfe4a1,retirement.name,available,9.98,,high,low,10,namecheap,,,
18a2b7d7-e0a9-4354-91c2-e85e79439d5b,thump.name,available,8.98,9.98,high,low,5,namecheap,,,11/09/2026 15:06
1a03e9c6-3bf3-470c-84ed-a1bd40cc40f0,shoal.name,available,8.98,9.98,high,low,5,namecheap,,,10/09/2026 05:46
5c420974-1871-4006-b245-7dc0c0565bbd,chocolate.name,available,8.98,9.98,high,low,9,namecheap,,,24/09/2026 03:16
3dabbae2-bc3f-4dfe-80a9-97b4da79a9f4,cannoneer.name,available,8.98,9.98,medium,low,9,namecheap,,,20/09/2026 11:44
fda778db-c033-4cd4-b090-26f9222a3257,guidance.name,available,8.98,9.98,high,low,8,namecheap,,,24/09/2026 02:39
191e250a-cb9c-4a88-a137-cc537b72649e,antenna.name,available,9.98,,high,low,7,namecheap,,,
84e76d22-f19a-444a-8604-88161747fdfe,frontal.name,available,8.98,9.98,high,low,7,namecheap,,,18/08/2026 16:15
d88322da-69bf-41fe-8306-79d2e2d53f6b,sectorial.name,available,8.98,9.98,medium,low,9,namecheap,,,10/09/2026 01:22
8d578868-224c-40d6-8d7f-5b45cf3e73df,spineless.name,available,8.98,9.98,medium,low,9,namecheap,,,22/08/2026 08:58
1201d00a-64a0-4936-8dc5-7cd4d6e6e31d,generations.name,available,10.99,13.99,medium,low,11,name.com,,,17/09/2026 19:20
724e64a0-df65-4c4a-9ae6-3c31d46ecafb,unfeigned.name,available,8.98,9.98,high,low,9,namecheap,,,12/09/2026 10:06
280e04fc-3bd4-43b8-9390-67d4683d7cdf,information.name,available,8.98,9.98,high,low,11,namecheap,,,27/09/2026 01:46
49686dfd-00c8-4981-b334-bd8b0c9038c6,picky.name,available,8.98,9.98,high,low,5,namecheap,,,18/08/2026 05:00
ca1d6975-a78c-49b6-992b-b1d4daf89b68,cocksucker.name,available,8.98,9.98,medium,low,10,namecheap,,,08/08/2026 23:29
faadc324-4f8a-497f-9ebb-83e03c7d9bd2,campaigner.name,available,9.98,,high,low,10,namecheap,,,
958d95df-56e6-4179-8a94-aeeee154e48c,coruscant.name,available,8.98,9.98,medium,low,9,namecheap,,,
fb9e1a79-a8b9-4af4-8597-2884a0f8620c,nickelodeon.name,available,9.98,,high,low,11,namecheap,,,
ee0356d6-d429-4534-8fd1-ee32fee3cd35,footwear.name,available,8.98,9.98,high,low,8,namecheap,,,24/09/2026 02:34
0541d2a6-7517-4c99-8e04-63cb65491964,disability.name,available,10.99,13.99,high,low,10,name.com,,,24/09/2026 22:26
09dd9912-c8ad-4a10-9ebf-e05628260464,allosaurus.name,available,8.98,9.98,medium,low,10,namecheap,,,18/09/2026 12:05
024b8da8-ccbb-4be0-b46b-e36632d7736e,rejoin.name,available,9.98,,high,low,6,namecheap,,,
9c7d48e0-2a87-4cda-89ab-8e4b15a03b41,petitioner.name,available,8.98,9.98,medium,low,10,namecheap,,,11/09/2026 03:30
6eb08553-1f8b-44fe-a1ee-d869eb3dae89,ironic.name,available,8.98,9.98,high,low,6,namecheap,,,25/09/2026 11:21
6080906e-00a0-4ac7-8032-d260bbe99217,animalism.name,available,8.98,9.98,medium,low,9,namecheap,,,19/09/2026 08:55
fed1a52b-8de6-415a-b11c-9798e6330b54,owned.name,available,8.98,9.98,high,low,5,namecheap,,,26/09/2026 03:41
d8b6b91d-f0da-43ea-a914-e2c64afd05fc,fantastic.name,resell,,,high,medium,9,"GoDaddy.com, LLC",17/01/2026 09:21,17/01/2028 09:21,26/09/2026 06:01
ef8cb708-0986-455e-9052-eddf2e43aaa0,tillable.name,available,8.98,9.98,medium,low,8,namecheap,,,06/08/2026 11:25
070b8ed1-6183-4ccf-9687-1ff68fbeb714,enemy.name,available,8.98,9.98,high,low,5,namecheap,,,23/09/2026 07:51
edf313da-2ba2-4c06-9a32-23b72f92599b,throated.name,available,8.98,9.98,medium,low,8,namecheap,,,11/09/2026 14:39
1134efbc-5c77-43c9-826d-fdb1adecce56,amazon.name,available,,,high,high,6,,,,
2660d668-d410-4674-97af-59ab4625ac29,bury.name,available,,,high,low,4,,,,
3fc7b9bd-fc44-4b1c-92ec-b9e3c7a2331c,foxy.name,available,8.98,9.98,high,low,4,namecheap,,,13/08/2026 04:30
5c9fd78a-793e-4aa9-badc-db5273490399,penal.name,available,8.98,9.98,medium,low,5,namecheap,,,08/09/2026 13:51
052dfa68-f64b-419d-a59d-11a9b4752860,deserve.name,available,8.98,9.98,high,low,7,namecheap,,,25/09/2026 23:40
18b52210-9619-4009-be24-8acf0b9fc6d3,cuddles.name,available,8.98,9.98,high,low,7,namecheap,,,21/09/2026 08:38
bf9ea76e-a89c-46a3-bf8c-f44a6f74c849,nutcase.name,available,8.98,9.98,medium,low,7,namecheap,,,13/08/2026 05:36
475b4410-7951-4e0f-8a11-de40ba3c11aa,honcho.name,available,8.98,9.98,high,low,6,namecheap,,,10/08/2026 20:40
14eb31cf-2bd7-4ff0-ac31-a7fc9aade705,identified.name,available,8.98,9.98,high,low,10,namecheap,,,25/09/2026 07:25
518ac699-3af0-499a-b562-cec26e605f1e,lexical.name,available,8.98,9.98,high,low,7,namecheap,,,23/08/2026 00:42
fc975019-a715-45f2-a677-fb409e08e6b8,borne.name,available,,,medium,low,5,,,,
9f120644-5969-4636-ade4-7b6fe4845b8c,bringing.name,available,9.98,,high,low,8,namecheap,,,
9163bc13-27ea-4db5-92ba-50918e625c23,followers.name,available,8.98,9.98,high,low,9,namecheap,,,18/08/2026 10:24
edbf0954-23d0-4ad5-a1bd-10610d0ae838,jailed.name,available,8.98,9.98,medium,low,6,namecheap,,,19/09/2026 04:16
3b71f505-c706-4b4c-86b3-776918ce350a,malcontent.name,available,8.98,9.98,medium,low,10,namecheap,,,14/08/2026 09:23
cc2db7ba-19dc-4b8c-bf31-0486c97bd951,sideway.name,available,8.98,9.98,high,medium,7,namecheap,,,10/09/2026 07:47
1e1c96d3-d6b2-49a5-959c-7a76f1a78b86,armadillo.name,available,8.98,9.98,high,low,9,namecheap,,,20/09/2026 06:27
82f20501-8473-48fc-b31a-bc13a05b3017,bellyband.name,available,8.98,9.98,medium,low,9,namecheap,,,23/09/2026 06:51
0ba04fba-ca90-494d-a16b-2d821546c810,rumansh.name,available,8.98,9.98,high,medium,7,namecheap,,,09/09/2026 18:32
267e4d8b-00d5-47eb-92c9-a206f0627304,jail.name,available,9.98,,high,low,4,namecheap,,,
952bb3db-b538-42ff-85bb-00bfc8187306,nostalgic.name,available,8.98,9.98,high,low,9,namecheap,,,03/09/2026 21:59
2296c0aa-cab3-461b-bfdb-c757e752a5bf,quebecois.name,available,8.98,9.98,high,low,9,namecheap,,,09/09/2026 07:48
09efcd1c-36d7-450b-8f3b-2d4259fd5f23,addendum.name,available,8.98,9.98,high,low,8,namecheap,,,17/09/2026 06:41
34848499-e22f-4e45-b026-7d0d24a40516,upstair.name,available,8.98,9.98,medium,low,7,namecheap,,,12/09/2026 23:20
db584d66-7b91-4b32-bf73-2c482d5b5409,employed.name,available,8.98,9.98,high,low,8,namecheap,,,16/08/2026 18:24
0243108e-a200-4fa6-b4a6-232c386a44df,banger.name,resell,,,high,low,6,Realtime Register B.V.,21/08/2026 18:01,21/08/2027 18:01,26/09/2026 04:15
f5ac7de7-7890-4f3a-b14c-92174cde1947,grouch.name,available,8.98,9.98,medium,low,6,namecheap,,,13/08/2026 04:56
4866c34a-fbd4-427e-a5fe-884f96d2cae1,alternatives.name,available,8.98,9.98,medium,low,12,namecheap,,,19/09/2026 21:34
fef2b9ac-1f8d-4908-a517-5dbd18f3664f,lowlife.name,available,8.98,9.98,medium,low,7,namecheap,,,11/08/2026 09:22
bbd09b19-1e1e-4a2e-938d-b84666ef239d,garret.name,available,,,medium,low,6,,,,
712d034c-83aa-49db-89df-fb479691797e,comb.name,available,8.98,9.98,high,low,4,namecheap,,,24/09/2026 16:22
c6a91ccf-c005-43ef-9f05-e6bab2917709,equally.name,available,9.98,,high,low,7,namecheap,,,
e9a50748-81be-44e5-96c3-07df4083868d,sparkly.name,available,8.98,9.98,high,low,7,namecheap,,,
820e5987-cd55-46c8-a882-9741fdd03157,colloidal.name,available,8.98,9.98,medium,low,9,namecheap,,,12/08/2026 17:12
0d9c4e14-d9e0-40a1-999a-92a65a49a488,lethal.name,available,8.98,9.98,high,low,6,namecheap,,,23/08/2026 00:26
192fe5aa-cedc-423c-b2ef-6a076268ffac,undetected.name,available,8.98,9.98,medium,low,10,namecheap,,,12/09/2026 07:57
bcc247ab-deae-43ab-b77f-7f3c62d7167b,abides.name,available,8.98,9.98,medium,low,6,namecheap,,,18/09/2026 17:00
befcb640-f988-414b-8f4d-e53eb2f24c32,asteroidea.name,available,8.98,9.98,medium,low,10,namecheap,,,20/09/2026 17:14
7dd4fe92-4a23-4b93-957d-339c1c23a256,unchanged.name,available,8.98,9.98,high,low,9,namecheap,,,12/09/2026 00:32
6c639846-7988-4072-ae00-d75340df44a8,ascendence.name,available,10.99,13.99,medium,low,10,name.com,,,20/09/2026 13:04
514afad4-dbac-4968-bc2b-4b3e9bffb1e2,chamomile.name,available,8.98,9.98,high,low,9,namecheap,,,19/09/2026 13:01
5949657d-a133-45c5-8ae1-1b9a5ba37848,pretender.name,available,8.98,9.98,high,low,9,namecheap,,,08/09/2026 19:12
48b5da0f-0620-490f-a8a3-79b2ba43cc34,textured.name,available,8.98,9.98,medium,low,8,namecheap,,,12/08/2026 14:07
42f87a50-c6d7-45dc-bfe2-83606e74bca7,defence.name,available,9.98,,high,low,7,namecheap,,,
a3984c5f-d1ba-4a6d-a091-2983011fca84,myotonic.name,available,8.98,9.98,medium,low,8,namecheap,,,03/09/2026 12:15
e366ec90-058b-4e38-a7af-02af350bd318,bully.name,available,8.98,9.98,high,low,5,namecheap,,,08/08/2026 12:15
f0c6ca90-ab72-4035-b180-836282c5f47e,junoesque.name,available,8.98,9.98,medium,low,9,namecheap,,,22/08/2026 14:31
6b28a51e-819f-4500-84dc-3a24e4fc6ee5,yum.name,available,,,high,low,3,,,,
d843b38c-c50c-41b1-ac93-014f27175f39,frighten.name,available,8.98,9.98,medium,low,8,namecheap,,,17/09/2026 14:50
4981aff1-2966-439f-a0bc-28ce7efd4c72,embonpoint.name,available,8.98,9.98,medium,low,10,namecheap,,,12/08/2026 07:33
f5480265-f75e-4510-b216-4fd412809450,armada.name,available,,,high,low,6,,,,
070420a8-89c8-4758-927c-ce9336883560,jussieu.name,available,8.98,9.98,medium,low,7,namecheap,,,19/09/2026 15:24
b47f9550-4a74-4efd-8a6c-1f5841914d5b,necessarily.name,available,9.98,,high,low,11,namecheap,,,
92e68e9f-6372-46cc-9273-35c017cb685d,refreshment.name,available,8.98,9.98,high,low,11,namecheap,,,19/09/2026 14:11
a0ac102d-2c85-46d3-b0ea-12ac045b17a4,togged.name,available,8.98,9.98,medium,low,6,namecheap,,,11/09/2026 16:44
563054d7-cee6-46fd-bf97-443b1d814977,reviewers.name,available,8.98,9.98,medium,low,9,namecheap,,,21/09/2026 09:06
92d948b1-ad33-42fb-91d1-823c860a2390,triangle.name,available,9.98,,high,low,8,namecheap,,,
9f1af526-851c-4b0e-898f-311c8fa3cc8e,characters.name,available,9.98,,high,low,10,namecheap,,,
f785ae65-39cb-4b49-a32c-53086c3f4831,posting.name,available,9.98,,high,low,7,namecheap,,,
39dd1c11-d3b2-41dc-a847-56cbc53eac8c,antler.name,available,8.98,9.98,medium,low,6,namecheap,,,19/09/2026 15:20
e85435ba-fd42-41a2-ac56-b904fe6ec920,molal.name,available,8.98,9.98,medium,low,5,namecheap,,,25/08/2026 03:31
747e1336-10b0-40bd-9061-7db1299b3992,perfection.name,available,8.98,9.98,high,low,10,namecheap,,,22/09/2026 22:03
9f11e200-5a9d-4e10-bba0-9524584af3ba,byzant.name,available,8.98,9.98,medium,low,6,namecheap,,,23/09/2026 12:17
646550d4-901b-4986-a313-3ddc679e887a,beery.name,available,,,medium,low,5,,,,
0843b156-0166-4fda-aa4f-fb69fe950030,uracil.name,available,8.98,9.98,medium,low,6,namecheap,,,11/09/2026 22:36
af54d6ab-8bdd-42bd-a940-5adf52261290,documentation.name,available,9.98,,high,low,13,namecheap,,,
8e1ba0ae-df95-454e-b84a-7cea9179aeeb,thoracic.name,available,8.98,9.98,medium,low,8,namecheap,,,08/09/2026 12:02
4cefc897-cb00-4533-9e17-fdf386d715ea,bassoon.name,available,10.99,13.99,medium,low,7,name.com,,,22/09/2026 12:33
fa843664-9828-458e-a09a-d771cc17be0e,analphabet.name,available,8.98,9.98,medium,low,10,namecheap,,,
f61aa302-fcb1-4281-9945-5bdc7502c3c6,sexless.name,available,8.98,9.98,medium,low,7,namecheap,,,10/09/2026 05:17
a490b2f8-85da-4a04-8a4d-e4559a4536df,fourteenth.name,available,8.98,9.98,high,low,10,namecheap,,,
d972288b-a091-4b01-8bbf-43f585b48e30,paltry.name,available,8.98,9.98,medium,low,6,namecheap,,,24/08/2026 18:25
b6a0fe60-3a89-41a8-9296-975a5d8ac17b,autumn.name,available,,,high,low,6,,,,
a029af7a-9740-418d-87f3-6e8d1fef485b,mentioning.name,available,8.98,9.98,medium,low,10,namecheap,,,17/09/2026 21:20
687d6acf-1451-4177-b452-737e894a1c2b,parky.name,available,8.98,9.98,medium,low,5,namecheap,,,08/09/2026 01:38
fa974b62-1fcc-4791-b977-e04004055b3e,watermelon.name,available,9.98,,high,low,10,namecheap,,,
0236b2a3-e204-42c5-967e-892c25a95ff4,liv.name,available,,,high,low,3,,,,
02439454-6711-4f58-ab18-bba299cfb092,absolutism.name,available,8.98,9.98,medium,low,10,namecheap,,,16/09/2026 18:00
625ef031-1adf-4b7b-bc47-2ed24973c966,behavior.name,available,8.98,9.98,high,low,8,namecheap,,,23/09/2026 03:06
6a652926-0e81-4603-9f8c-80ef7b69b51a,casket.name,available,9.98,,high,low,6,namecheap,,,
25653f40-2f59-4dc3-bc31-307ababca249,daydream.name,available,8.98,9.98,high,low,8,namecheap,,,17/09/2026 22:00
19c89a97-ef44-4a40-95b7-f3f649fb5f39,bergenia.name,available,8.98,9.98,medium,low,8,namecheap,,,23/09/2026 09:20
7cde8ec8-d7f4-4f01-a133-cf47a9ae63f8,lorry.name,available,9.98,,high,low,5,namecheap,,,
9793a92c-700b-4ce9-a76d-fdd52f57ba72,nonsmoking.name,available,8.98,9.98,medium,low,11,namecheap,,,16/09/2026 20:03
82cf48ba-acdf-4170-b2da-5a8afe907d0a,chairman.name,available,9.98,,high,low,8,namecheap,,,
01831d4f-70bf-4f7f-aacf-fbc73aea6da1,andesite.name,available,8.98,9.98,medium,low,8,namecheap,,,19/09/2026 04:04
276ac373-e495-4ced-98af-6f9e9d17b3f9,scale.name,available,,,high,medium,5,,,,
2faab70c-b523-4110-8924-76ea76ea9223,earthlike.name,available,8.98,9.98,medium,low,9,namecheap,,,14/08/2026 22:40
4b2240c9-47eb-4f76-80d8-d120905d11f5,looted.name,available,8.98,9.98,medium,low,6,namecheap,,,24/08/2026 09:45
85d3e154-3e17-413d-805b-ffa646befee5,realizable.name,available,8.98,9.98,high,low,10,namecheap,,,21/09/2026 15:51
8639cd23-4457-41aa-b357-b3b02ac61432,permit.name,available,10.99,13.99,high,low,6,name.com,,,24/09/2026 18:39
6d73881d-92a1-4652-b14a-f3c6d1dd321d,oblige.name,available,8.98,9.98,high,low,6,namecheap,,,03/09/2026 23:41
734caaad-1d61-4c84-92c5-04969ba2bd2f,baldric.name,available,8.98,9.98,medium,low,7,namecheap,,,21/09/2026 21:45
28313217-4b2e-408f-9053-de2edf47073d,willfully.name,available,8.98,9.98,medium,low,9,namecheap,,,16/09/2026 11:30
dbe2cbc8-f3a3-44ff-b57f-5d0093bf906d,woeful.name,available,8.98,9.98,medium,low,6,namecheap,,,17/08/2026 16:46
b8dda457-4c49-46a7-a8a4-1490c68662f0,abstention.name,available,8.98,9.98,medium,low,10,namecheap,,,16/09/2026 18:27
92766cc8-3ded-45b0-a3fd-de74b0d5b70d,tensile.name,available,8.98,9.98,medium,low,7,namecheap,,,11/09/2026 11:30
0a059942-88f3-48d1-a2b1-752929780c3d,bauhinia.name,available,8.98,9.98,medium,low,8,namecheap,,,22/09/2026 16:38
46fbd036-c145-4830-ad9a-da9554c07364,recognized.name,available,8.98,9.98,high,low,10,namecheap,,,21/09/2026 15:28
3461581e-8bb3-4e0b-85af-f954bd306e63,grateful.name,available,8.98,9.98,high,low,8,namecheap,,,20/08/2026 18:22
4da30328-b9aa-4492-b1fd-21251aee4747,continuously.name,available,9.98,,medium,low,12,namecheap,,,
15d7f112-339a-4ec4-ac10-8f43cef0bad3,fledgling.name,available,8.98,9.98,high,low,9,namecheap,,,11/08/2026 14:45
4332c2f3-3f8b-4195-9fa4-705dce68e51b,guiltless.name,available,8.98,9.98,high,low,9,namecheap,,,12/08/2026 10:18
ce864a20-bf57-49ee-97c3-8a624ee53561,taal.name,available,,,medium,low,4,,,,
3fbc9361-4fa4-4dfc-b80c-a7c4873ab9a9,zoic.name,available,8.98,9.98,medium,low,4,namecheap,,,13/09/2026 15:25
062d26d7-1436-4a0f-b2a8-037c5de125cd,harmonize.name,available,8.98,9.98,high,low,9,namecheap,,,16/09/2026 22:54
8da7b9f6-cb3a-42e0-8e35-d69a15c79b87,glacial.name,available,8.98,9.98,medium,low,7,namecheap,,,18/08/2026 16:28
1c26ac7d-f210-4580-8699-ba9079e654e7,sybarite.name,available,8.98,9.98,medium,low,8,namecheap,,,13/09/2026 07:15
b71a86b4-4208-4042-a926-5e12cf0f0d4e,parishes.name,available,8.98,9.98,medium,low,8,namecheap,,,18/09/2026 08:08
ce1bd93d-5059-46be-855d-c0e53b4612b9,passports.name,available,8.98,9.98,high,low,9,namecheap,,,20/09/2026 09:52
21ec74a1-6a55-4c5d-9d5e-b04ab7859b89,gomad.name,available,8.98,9.98,medium,low,6,namecheap,,,20/09/2026 00:44
c212b995-1601-4acf-b86e-63892be7ba5f,instate.name,available,9.98,,medium,low,8,namecheap,,,
29f9f41d-fa5c-4e4d-a292-e670c13d7310,playacting.name,available,8.98,9.98,medium,low,10,namecheap,,,
b59ff14e-dce6-48b7-8622-8fc5243cbff2,timbered.name,available,8.98,9.98,medium,low,8,namecheap,,,11/09/2026 15:59
6ee59c9e-ee07-4646-a4c8-0ac214df469d,detector.name,available,10.99,13.99,high,low,8,name.com,,,24/09/2026 21:49
1a9a1b77-dc09-41e9-af3f-108d86a078a0,sniffly.name,available,8.98,9.98,high,medium,7,namecheap,,,10/09/2026 12:35
d0689faf-c907-4100-bae0-429898feb5f5,feelingly.name,available,8.98,9.98,medium,low,9,namecheap,,,14/09/2026 18:18
98fe1e17-f04e-4b80-8586-d4224f4c6f33,baseborn.name,available,8.98,9.98,low,low,8,namecheap,,,08/08/2026 21:34
11a15335-2e73-46b5-bc53-5b005209e861,jutting.name,available,8.98,9.98,medium,low,7,namecheap,,,22/08/2026 14:44
f2b811a7-18a7-4881-919b-100f5b1b5c1e,stretches.name,available,8.98,9.98,medium,low,9,namecheap,,,18/09/2026 07:56
d95e55e7-7803-45cd-99ed-3a1d03375d09,nonsocial.name,available,8.98,9.98,medium,low,9,namecheap,,,03/09/2026 19:18
6b5f92aa-fb20-444b-874b-f8f4d85f2277,autotelic.name,available,8.98,9.98,high,low,9,namecheap,,,07/08/2026 21:08
5bc7bdcd-eeb7-40bc-9053-7d189f56283c,mcmuffin.name,available,9.98,,high,low,8,namecheap,,,
f5a0a702-cffc-4261-9fff-b6c6ae7c92ee,hdl.name,available,8.98,9.98,high,low,3,namecheap,,,18/09/2026 13:33
e0700919-6cc5-46f2-8ce5-58fee2612705,rhodium.name,available,8.98,9.98,high,low,7,namecheap,,,20/09/2026 23:08
9449d4f0-d973-4ae0-8314-97a0a2ac606d,untethered.name,available,8.98,9.98,medium,low,10,namecheap,,,12/09/2026 21:16
bc324193-db76-446b-b551-2a0c241b192b,chagrined.name,available,8.98,9.98,medium,low,9,namecheap,,,
48772cf0-f428-4e38-b604-9f4611e9e856,burly.name,available,,,medium,low,5,,,,
ff5ae7bf-3d7d-4bc3-9b47-986282b1a95d,participant.name,available,9.98,,high,low,11,namecheap,,,
4e4c21ae-2984-4a87-a1a3-f89376b648ac,deadening.name,available,8.98,9.98,medium,low,9,namecheap,,,10/08/2026 19:57
29e83851-11c0-45bf-b27b-d723a1ba3976,duckling.name,available,8.98,9.98,high,low,8,namecheap,,,25/09/2026 00:17
6b428b76-7680-4ef4-9a06-b55aa81d5d08,analgesic.name,available,8.98,9.98,medium,low,9,namecheap,,,
6b65539c-550d-4a76-8c9d-97413ba886aa,thirdhand.name,available,8.98,9.98,medium,low,9,namecheap,,,11/09/2026 13:59
af4077be-8efe-4b5b-a677-73ca660d14b3,chanukah.name,available,9.98,,high,low,8,namecheap,,,
c9e063b9-a386-4765-9da2-f92ed81d865c,burial.name,available,8.98,9.98,medium,low,6,namecheap,,,24/09/2026 11:18
65d6771d-0ffe-4d3c-bece-1def3e0d06d0,bromide.name,available,8.98,9.98,high,low,7,namecheap,,,12/08/2026 19:15
6af07d70-cc62-476c-8a78-086abde9a6fa,faultless.name,available,8.98,9.98,high,low,9,namecheap,,,18/08/2026 00:05
2ed3ef02-452f-47bd-8e8e-5cd878e7afcf,fishy.name,available,8.98,9.98,high,low,5,namecheap,,,18/08/2026 05:32
e97e5848-37df-462f-9c0a-3822cfc256fa,marathon.name,available,8.98,9.98,high,low,8,namecheap,,,22/09/2026 15:29
4e781980-5c52-47e6-9a6e-c915cfa40be2,centesimal.name,available,8.98,9.98,medium,low,10,namecheap,,,
e484ff64-e27b-4212-be4e-4146e7c923b2,zinc.name,available,8.98,9.98,high,low,4,namecheap,,,20/09/2026 22:44
3e474289-5779-483b-aae3-6669809da769,designing.name,available,8.98,9.98,high,low,9,namecheap,,,14/08/2026 03:45
70a52619-8128-4c9e-93c2-9220e4f41c6e,senseless.name,available,8.98,9.98,medium,low,9,namecheap,,,03/09/2026 17:48
688d73cc-fb28-4e43-90f6-0dd8b932da94,bailiwick.name,available,8.98,9.98,medium,low,9,namecheap,,,21/09/2026 19:08
cf76d1e1-c78f-4425-b504-bb13e7bbcbd4,practicing.name,available,9.98,,high,low,10,namecheap,,,
5a2f4911-71bd-4d01-b00c-d627c40eff13,pollution.name,available,10.99,13.99,medium,low,9,name.com,,,23/09/2026 02:05
b74f25d6-a5fb-4ede-8940-956ba97ca13e,inwards.name,available,8.98,9.98,high,low,7,namecheap,,,21/08/2026 23:32
73078373-1521-43f3-840b-26c687218aa5,plutonium.name,available,8.98,9.98,high,low,9,namecheap,,,21/09/2026 00:12
ffdceef5-dfce-4dd2-8a91-5ea74ca06719,alaskan.name,available,8.98,9.98,high,low,7,namecheap,,,
836d1013-b5bc-412e-9cb7-a827e00d0c53,araroba.name,available,8.98,9.98,medium,low,7,namecheap,,,20/09/2026 00:14
463efc10-0819-4955-947d-c6d8fb3fb6f9,reliever.name,available,8.98,9.98,high,low,8,namecheap,,,18/09/2026 10:02
a7027cd2-169b-4ff1-9e3a-087f743507d9,creating.name,available,9.98,,high,low,8,namecheap,,,
015950d0-c427-40c0-898b-b9cfa1e00424,odour.name,available,8.98,9.98,high,low,5,namecheap,,,20/09/2026 08:26
38f92022-a112-4cb9-b2f2-7b25edcd9aa1,assagai.name,available,8.98,9.98,medium,low,7,namecheap,,,20/09/2026 15:41
8f044709-4776-4ef0-83e8-dcb9e0a6222b,bindery.name,available,8.98,9.98,medium,low,7,namecheap,,,23/09/2026 17:11
b3063380-d987-4f87-89c5-486a8ccfc8ce,specializing.name,available,8.98,9.98,medium,low,12,namecheap,,,20/09/2026 06:01
56fb43c8-b1f1-4a86-a756-1db1b3c87e34,least.name,available,8.98,9.98,high,low,5,namecheap,,,25/09/2026 13:24
2fdb53a1-e04e-4e3b-8e8c-775c3663db5e,reflective.name,available,8.98,9.98,high,low,10,namecheap,,,11/08/2026 06:03
d7dd541d-12b1-4ea8-9ba9-dd623f82589d,sumptuous.name,available,8.98,9.98,high,low,9,namecheap,,,14/08/2026 01:02
1a14a0e6-9bf6-4353-8c82-a6534c032aa9,fixedly.name,available,8.98,9.98,low,low,7,namecheap,,,14/09/2026 18:44
71975972-1fca-4cd5-8fd2-9178ae1e5724,assignor.name,available,10.99,13.99,medium,low,8,name.com,,,20/09/2026 16:27
31c7f344-c341-4f78-b0c3-3655b624d34b,propensity.name,available,8.98,9.98,high,low,10,namecheap,,,22/08/2026 22:09
8a6dcad4-dbd3-48b2-97d3-b0b9118d5943,stunting.name,available,10.99,13.99,medium,low,8,name.com,,,17/09/2026 12:54
668a7f49-1194-4873-9f40-9a4f1faee673,burned.name,available,8.98,9.98,medium,low,6,namecheap,,,23/09/2026 11:37
48510f0d-944f-4c06-be6f-94941dee18ae,usually.name,available,9.98,,high,low,7,namecheap,,,
713339fb-1999-419f-b1f9-37294273a76a,odious.name,available,8.98,9.98,medium,low,6,namecheap,,,
fcf0248f-c50a-4205-8033-5c0ae59a3394,learnt.name,available,9.98,,medium,low,6,namecheap,,,
ef049c23-2d03-4395-bb29-d86beb2438dd,bathymetry.name,available,8.98,9.98,medium,low,10,namecheap,,,22/09/2026 13:55
e1db15cc-cb38-4b17-b34c-99f6e8f4e413,unreliable.name,available,8.98,9.98,medium,low,10,namecheap,,,11/09/2026 19:06
dcd89716-c99e-4147-b28c-1922c616018d,threat.name,available,,,high,low,6,,,,
c56da086-0cb2-4e83-891e-1b07100c74ab,cyclic.name,available,10.99,13.99,high,low,6,name.com,,,13/08/2026 13:31
1b9594b2-ca50-4001-96c7-a80b1eeaec5b,consensus.name,available,9.98,,high,low,9,namecheap,,,
d8fe12bc-8224-450c-854a-b8bdc19f131c,crepuscle.name,available,8.98,9.98,medium,low,9,namecheap,,,11/09/2026 21:50
bc885053-0121-4743-b62e-034b473681b9,makeovers.name,available,8.98,9.98,medium,low,9,namecheap,,,21/09/2026 08:55
899c3f93-a9fa-4e19-ac25-343970ca459f,snowballs.name,available,8.98,9.98,medium,low,9,namecheap,,,19/09/2026 21:49
0b5385bb-0134-447b-bb3c-d4419701c5ca,inculpable.name,available,8.98,9.98,medium,low,10,namecheap,,,10/08/2026 12:55
889b29e7-a58e-4847-a60f-bc339bde99ec,fla.name,available,,,high,low,3,,,,
d2534df3-6df2-445b-911a-c02706d08a14,extrinsic.name,available,8.98,9.98,medium,low,9,namecheap,,,17/08/2026 19:37
1e48545b-0865-4d0b-b2ba-68e3d3ca35a9,sixty.name,available,8.98,9.98,high,low,5,namecheap,,,
d439a469-a46f-4d45-a884-bf4395c57def,substantial.name,available,9.98,,high,low,11,namecheap,,,
d21beb3b-b765-4df7-86c8-dbe5a3a57a87,wheezy.name,available,8.98,9.98,low,low,6,namecheap,,,07/08/2026 09:31
45647611-9773-48cd-8985-15bc44850684,menstrual.name,available,8.98,9.98,high,low,9,namecheap,,,11/08/2026 20:59
7e0d2b52-2693-41b9-a4c6-c1da3720fabe,palladio.name,available,8.98,9.98,medium,low,8,namecheap,,,19/09/2026 04:26
a3f06574-4a18-453d-9f6a-63ac0095f7ce,scalic.name,available,8.98,9.98,medium,low,6,namecheap,,,09/09/2026 22:27
2ca40b85-e967-4c2b-85bc-6d82d8088f0d,deliberate.name,available,8.98,9.98,high,low,10,namecheap,,,11/08/2026 13:56
55997d88-4fe8-4b16-a3e2-1e4571f47000,diffused.name,available,8.98,9.98,medium,low,8,namecheap,,,14/08/2026 07:08
80326be5-0369-4b3d-b4bd-270a9372b9c8,peevish.name,available,8.98,9.98,medium,low,7,namecheap,,,22/08/2026 10:21
85919e05-ad8a-42ca-a176-ac6e2e07b983,simplicity.name,available,9.98,,high,low,10,namecheap,,,
6d766413-1dc5-4de7-8535-1829965f5726,paternal.name,available,8.98,9.98,high,low,8,namecheap,,,
0835d892-b6b7-48b0-b9f3-289189bd72f3,adjective.name,available,8.98,9.98,high,low,9,namecheap,,,
c63fd878-5bb1-401a-9d13-b00cafb325a3,postdoc.name,available,8.98,9.98,high,low,7,namecheap,,,09/09/2026 00:19
c112ac8f-3a8c-4977-9379-8f2b92c3557c,diaphanous.name,available,8.98,9.98,medium,low,10,namecheap,,,12/08/2026 14:26
fadb8a61-7e88-4899-92a5-820dd821787f,labelled.name,available,8.98,9.98,high,low,8,namecheap,,,22/08/2026 17:15
6bb88f2e-9dfe-4bad-aeea-353d677eaf5d,calced.name,available,8.98,9.98,medium,low,6,namecheap,,,11/08/2026 13:41
5c4d422e-7b5b-4c87-8132-fe31ed8941f1,allelic.name,available,8.98,9.98,medium,low,7,namecheap,,,
7a32164f-6bbd-4160-9e3b-827d6501c560,theory.name,available,8.98,9.98,high,low,6,namecheap,,,25/09/2026 04:33
7042875b-1511-4c92-923b-5aa673ed21ae,leave.name,available,9.98,,high,low,5,namecheap,,,
f67efcaf-0a2c-4c00-8e60-30a9cba13b66,brassiere.name,available,8.98,9.98,high,low,9,namecheap,,,22/09/2026 01:02
7cf68f0f-144c-414d-aeee-d643ea4c3ab5,listen.name,available,,,high,low,6,,,,
9670d40b-ab5a-42cc-b722-f7edfcc1aed0,ambiguity.name,available,8.98,9.98,high,low,9,namecheap,,,18/09/2026 16:43
6285391d-134d-4a93-a36f-c0eb5f29ea5e,angelical.name,available,8.98,9.98,medium,low,9,namecheap,,,22/09/2026 04:27
ca89d696-0bf5-4c0a-9c8e-4dbeeaed2eeb,wily.name,available,8.98,9.98,medium,low,4,namecheap,,,13/08/2026 04:38
669d0267-deaf-4275-a53a-38a329a2eb69,corked.name,available,8.98,9.98,medium,low,6,namecheap,,,13/08/2026 01:20
94c70d83-f58a-4eeb-bf94-c5461362a257,burundi.name,resell,,,high,high,7,"GoDaddy.com, LLC",21/05/2004 00:48,21/05/2027 00:48,26/09/2026 04:41
3a777fab-c006-4e72-be0e-c094f62a4220,bellwether.name,available,8.98,9.98,high,low,10,namecheap,,,23/09/2026 06:30
3c0a4db8-3638-4b2a-824f-a3d974858436,inordinate.name,available,8.98,9.98,medium,low,10,namecheap,,,17/08/2026 16:17
1347730f-ef68-4fe6-b7c4-e4e212bb504b,ellipse.name,available,8.98,9.98,high,low,7,namecheap,,,04/09/2026 19:52
4d121ae7-6cc6-48d7-b736-6639a45ea7ec,vitalizing.name,available,8.98,9.98,high,low,10,namecheap,,,23/08/2026 01:35
4ed849bc-a227-4f4e-b867-755e4957095e,lifelessly.name,available,10.99,13.99,low,low,10,name.com,,,13/08/2026 19:35
a7c67faf-9adf-4473-abd8-1c681b3b14a3,shakedown.name,available,8.98,9.98,medium,low,9,namecheap,,,10/09/2026 05:40
e62a0fd7-7dc5-4b09-bd3d-77aaf90e95ff,despairing.name,available,8.98,9.98,medium,low,10,namecheap,,,14/08/2026 03:56
00381533-6a08-4a18-8a85-83bd0c084dca,administration.name,available,8.98,9.98,high,low,14,namecheap,,,25/09/2026 12:34
7075a9fd-8c6d-40b8-885c-8dcf730c41d5,soundly.name,available,8.98,9.98,medium,low,7,namecheap,,,16/09/2026 05:34
f6b1dc9c-ecd8-461b-ae75-d0d3665a0827,civilised.name,available,8.98,9.98,high,low,9,namecheap,,,12/08/2026 09:08
87eb770e-500b-4e8c-ab36-ce41d194ece1,adobo.name,available,8.98,9.98,medium,low,5,namecheap,,,17/09/2026 09:29
d38b1907-2d72-4c36-a196-e3ca4acdecf3,impelling.name,available,8.98,9.98,medium,low,9,namecheap,,,21/08/2026 22:04
65febf21-534e-47b8-b940-c8b1f3b92052,baritone.name,available,8.98,9.98,medium,low,8,namecheap,,,08/08/2026 19:36
3bc875fc-e0c7-44c4-9abd-5dffdd05e70f,instead.name,available,9.98,,high,low,7,namecheap,,,
a5b4513e-8298-4ad6-8315-f0b2022bd713,richmond.name,available,,,high,low,8,,,,
16fa4fde-c180-41cc-9555-b74bf11c8abf,texts.name,available,8.98,9.98,medium,low,5,namecheap,,,18/09/2026 23:56
b386794a-ea2c-4d93-b898-43bd15ed92cc,opaline.name,available,8.98,9.98,medium,low,7,namecheap,,,04/09/2026 15:45
d268b722-e270-45ef-9a3a-d2873b50b1c9,checkers.name,available,8.98,9.98,high,low,8,namecheap,,,24/09/2026 13:59
bea91f19-1df6-4bb7-911e-5395f905a045,broadly.name,available,9.98,,high,low,7,namecheap,,,
d01811d6-a73a-4b0c-8df8-f568136ee8c3,jolty.name,available,8.98,9.98,low,low,5,namecheap,,,11/08/2026 09:50
b65b948b-976e-4da7-91a9-4ce4f5adf58d,sinless.name,available,8.98,9.98,medium,low,7,namecheap,,,21/08/2026 21:57
6b8db1ad-4da1-4190-be01-a762b57cc38a,ramose.name,available,8.98,9.98,medium,low,6,namecheap,,,11/08/2026 02:14
7e90b0d2-63dd-447f-b129-6ba45d2272ab,panoplied.name,available,8.98,9.98,medium,low,9,namecheap,,,06/08/2026 21:42
56afb42c-0a51-46f3-8609-9d093db83716,tersely.name,available,8.98,9.98,medium,low,7,namecheap,,,16/09/2026 08:13
3bff1146-d534-45d7-bb63-38a774685167,twisted.name,available,8.98,9.98,high,low,7,namecheap,,,25/08/2026 01:43
cddedd6a-bda1-44fb-93a6-2be7351c5af1,inorganic.name,available,8.98,9.98,high,low,9,namecheap,,,22/08/2026 06:11
48cce004-9271-421f-9ad4-6a18bab08bf0,lonely.name,available,8.98,9.98,high,low,6,namecheap,,,25/09/2026 11:42
9e679e60-6450-4e9f-b225-4736dd8471e1,amentia.name,available,8.98,9.98,medium,low,7,namecheap,,,18/09/2026 19:00
4999215f-0f2e-4e1f-974f-2249daadb5b9,autosexing.name,available,10.99,13.99,medium,low,10,name.com,,,21/09/2026 07:42
ac6bcba5-e308-4bae-b493-ddce476c2c0e,amity.name,available,8.98,9.98,high,low,5,namecheap,,,18/09/2026 21:57
e9ac1761-6f3e-4b12-8de3-bf2dd5eafc11,corrosion.name,available,8.98,9.98,high,low,9,namecheap,,,24/09/2026 18:21
fe8b8d16-bdd1-4da2-a41e-87f9093d99e7,limits.name,available,8.98,9.98,medium,low,6,namecheap,,,18/09/2026 15:06
79c92677-2196-4c27-8d8b-3a80aa9cfaed,scrutinise.name,available,10.99,13.99,medium,low,10,name.com,,,21/09/2026 03:07
f1989a83-bdbc-4df1-a75c-434d35068dcd,apercu.name,available,8.98,9.98,medium,low,6,namecheap,,,19/09/2026 16:30
c3dcc3c8-9074-4af6-b361-1de0e4b21b03,matured.name,available,8.98,9.98,high,low,7,namecheap,,,18/08/2026 17:58
8658e897-d4de-47e5-be16-051b33ec3d32,implausible.name,available,9.98,,medium,low,11,namecheap,,,
d1ba5af1-cdcd-4564-a151-380b4ad2f58f,statue.name,available,8.98,9.98,high,low,6,namecheap,,,26/09/2026 00:24
a1cf27de-38d6-42d7-ac88-eab2907d2657,icon.name,available,,,high,medium,4,,,,
bd9362a8-281e-4a4a-8824-ea73f4824f2e,plattensee.name,available,8.98,9.98,medium,low,10,namecheap,,,21/09/2026 21:22
c3b40417-8ef5-4849-93b0-9375280d3c64,theft.name,available,8.98,9.98,high,low,5,namecheap,,,08/09/2026 07:55
31582d0d-9154-4fa6-ab6a-7e6b6f97b0b8,elective.name,available,8.98,9.98,high,low,8,namecheap,,,16/08/2026 02:33
ddcd09f6-256d-4cdf-9c30-778b71661616,vehement.name,available,8.98,9.98,medium,low,8,namecheap,,,11/09/2026 09:44
0e149c30-e4c0-4460-972a-a4db97ed3f29,bewildered.name,available,8.98,9.98,medium,low,10,namecheap,,,07/08/2026 11:52
6cee941b-138c-4016-bfa7-ebce6b61b21a,tropically.name,available,8.98,9.98,medium,low,10,namecheap,,,16/09/2026 09:33
3ccbccb1-e90a-45f7-9ed3-3e6495089939,aircrew.name,available,8.98,9.98,high,low,7,namecheap,,,17/09/2026 22:11
729ca762-8993-40c5-9aa1-b9cecbc541ab,palpebrate.name,available,8.98,9.98,medium,low,10,namecheap,,,05/09/2026 00:15
50fffb40-5827-4e45-83ae-a0c634e9a68f,legend.name,available,9.98,,high,low,6,namecheap,,,
c22198e7-8c77-4c78-bb7e-ffbec61b6808,ape.name,available,,,high,low,3,,,,
52b9b0ee-9706-44c0-9882-bd50203007a9,venerable.name,available,,,high,low,9,,,,
f5f65d3d-d4e9-42c4-b840-38602fbd7e66,unpaved.name,available,8.98,9.98,medium,low,7,namecheap,,,12/09/2026 16:34
9c654862-f2a5-4cdd-b44f-475650cdaa55,tommyrot.name,available,8.98,9.98,medium,low,8,namecheap,,,21/09/2026 23:53
bd681672-cfef-4b8f-a54b-e768017fbb94,mastoid.name,available,8.98,9.98,medium,low,7,namecheap,,,24/08/2026 16:48
edd31cc2-156b-4f88-896b-eb7d2dc906ca,arguer.name,available,8.98,9.98,medium,low,6,namecheap,,,20/09/2026 04:46
2c69b951-9a67-47d7-a94e-7d471ab5c68d,profound.name,available,9.98,,high,low,8,namecheap,,,
a2a70b14-7671-4d49-a93c-e4f297a2ea0d,tactual.name,available,8.98,9.98,medium,low,7,namecheap,,,21/08/2026 00:04
23188747-cd80-4a6e-85a0-e152e08e8993,autogiro.name,available,8.98,9.98,medium,low,8,namecheap,,,21/09/2026 06:22
5ea68d12-a07f-4c1a-bd68-72e7154e721e,pedant.name,available,8.98,9.98,medium,low,6,namecheap,,,09/09/2026 23:15
99b3c64b-04c3-487c-9108-88e091ccd07a,bedewed.name,available,8.98,9.98,low,low,7,namecheap,,,09/08/2026 06:46
96883bd1-7ad8-4437-85d0-c2d6f500ff81,vaporing.name,available,8.98,9.98,medium,low,8,namecheap,,,11/08/2026 00:58
f8d1a73c-8f93-4a14-92ae-d77b36369471,employment.name,available,9.98,,high,low,10,namecheap,,,
2979a63e-8f78-46e1-a04a-7c60e0dded7f,monastic.name,available,8.98,9.98,medium,low,8,namecheap,,,12/08/2026 11:57
3c630db9-4c56-4806-b4f1-6b3f385f3654,annum.name,available,8.98,9.98,high,low,5,namecheap,,,19/09/2026 11:04
8cae1026-1155-4bcc-a5ba-31d5ece2d985,diploid.name,available,8.98,9.98,medium,low,7,namecheap,,,14/08/2026 08:26
2ca04197-2504-4ff2-9a6f-f94c2a6ef4e9,citizenship.name,available,9.98,,high,low,11,namecheap,,,
4a929fdb-3745-44aa-b869-a649362399a5,affective.name,available,8.98,9.98,high,low,9,namecheap,,,
29ea43d5-5cae-472b-8b13-199f8c949492,bifid.name,available,8.98,9.98,medium,low,5,namecheap,,,09/08/2026 19:59
49d61cec-8242-4e9c-b4e7-1cc3e7459052,fated.name,available,8.98,9.98,high,low,5,namecheap,,,17/08/2026 23:32
7a56f951-b968-4b34-af36-2fbd5955c764,pup.name,available,,,high,low,3,,,,
789930fd-d484-4255-9e94-05ad29c4d63d,ignescent.name,available,8.98,9.98,medium,low,9,namecheap,,,21/08/2026 18:22
de3314eb-22e4-4ffd-ac1f-5d7413f75e89,sublimely.name,available,8.98,9.98,medium,low,9,namecheap,,,16/09/2026 07:34
37bc6315-f4e7-46b2-b020-52f8ebef20dc,hound.name,available,8.98,9.98,medium,low,5,namecheap,,,24/09/2026 02:24
2e1ac374-e254-49d9-8339-c3c6b4a28f07,dejected.name,available,8.98,9.98,medium,low,8,namecheap,,,14/08/2026 00:19
8a40c0c2-fbf2-48e5-a3ff-8d31d68d253e,trichrome.name,available,8.98,9.98,medium,low,9,namecheap,,,11/09/2026 19:24
d7fae92b-0c07-490e-8225-0be7039a624b,immediate.name,available,8.98,9.98,high,low,9,namecheap,,,23/09/2026 22:04
7b7184c6-e1a8-4aa7-a55d-1a240719abae,featherbed.name,available,8.98,9.98,high,low,10,namecheap,,,21/09/2026 12:59
5a2785ff-d3cc-4263-beb4-2ccd60bb72f0,rehabs.name,available,10.99,13.99,low,low,6,name.com,,,20/09/2026 09:43
c784e16a-2136-4af1-9971-d71f1bba8cc1,atticus.name,available,8.98,9.98,high,low,7,namecheap,,,21/09/2026 01:46
fa1172db-4b01-4161-a2f9-c4c1771f9afa,imprecise.name,available,8.98,9.98,medium,low,9,namecheap,,,21/08/2026 23:00
6288b8c6-6f9f-468d-80b2-4ff0afe43cf0,autonomic.name,available,8.98,9.98,high,low,9,namecheap,,,07/08/2026 20:52
36c287d9-c8d5-406f-b0bf-89c477eb6bde,lesion.name,available,8.98,9.98,high,low,6,namecheap,,,13/09/2026 13:28
d57928a7-b736-4980-9ef3-99dd8ade60b6,commented.name,available,8.98,9.98,medium,low,9,namecheap,,,18/09/2026 23:19
2d73bfcc-3887-41c1-839a-9321701bdcc9,seventy.name,available,8.98,9.98,high,low,7,namecheap,,,
dcfa38bd-917f-41cc-8bac-a0bf56e332e6,beastly.name,available,8.98,9.98,medium,low,7,namecheap,,,09/08/2026 04:54
8c1ffd08-9588-4a32-9469-3059df86f1d0,ahriman.name,available,8.98,9.98,medium,low,7,namecheap,,,17/09/2026 20:33
e037a56e-fdf6-4517-84eb-376523dc3d18,defense.name,available,,,high,low,7,,,,
89e23a5c-a314-432a-b988-225ea51eee73,appliance.name,available,8.98,9.98,high,low,9,namecheap,,,19/09/2026 21:44
f4ea651e-0520-4f79-a42e-258e3bbef14b,smarmy.name,available,8.98,9.98,medium,low,6,namecheap,,,11/08/2026 11:46
0231e1cd-de3b-47d4-94e8-f1b535cd812a,destitute.name,available,8.98,9.98,medium,low,9,namecheap,,,14/08/2026 04:32
b4301b6a-5d52-4c4a-b4e2-509aa50fb3c2,filaria.name,available,8.98,9.98,medium,low,7,namecheap,,,18/09/2026 06:14
77084aa3-ef50-4abc-9728-8e1e5b548cb9,transposed.name,available,8.98,9.98,medium,low,10,namecheap,,,11/09/2026 18:59
7aebcb3a-bd79-4c52-be7a-6bbb1d531117,withering.name,available,8.98,9.98,medium,low,9,namecheap,,,
838bb444-8591-4fc4-a3f5-f68ea1867423,enigmatic.name,available,8.98,9.98,high,low,9,namecheap,,,17/08/2026 09:13
24cd95d1-d2ff-4b94-a2e7-0661a2c31dbe,outsize.name,available,8.98,9.98,high,low,7,namecheap,,,04/09/2026 19:38
60d35a9a-8e34-4dac-9660-e1334cf2b3a0,inland.name,available,8.98,9.98,high,low,6,namecheap,,,22/08/2026 05:49
9702ef0c-c227-4fed-a135-c6ce130e3066,digestible.name,available,8.98,9.98,medium,low,10,namecheap,,,14/08/2026 07:14
0acbd9c8-abfc-493f-ae7a-0742a8c24e24,jingly.name,available,8.98,9.98,medium,low,6,namecheap,,,22/08/2026 13:29
32d96939-0123-46df-b3d4-e3c5f3837dd3,audacity.name,available,10.99,13.99,high,low,8,name.com,,,21/09/2026 02:47
f6828df8-9ac2-4427-80ca-63a1178f0135,spookily.name,available,8.98,9.98,medium,low,8,namecheap,,,14/09/2026 15:07
ee289939-cf05-4f4f-9ccd-ee72af48a231,abysmal.name,available,8.98,9.98,medium,low,7,namecheap,,,
5d2df3a7-4271-4de4-86b5-4429850e12fb,simpleness.name,available,8.98,9.98,medium,low,10,namecheap,,,24/09/2026 13:51
db9ef030-dee1-4138-b812-d71d155344f1,presumable.name,available,8.98,9.98,high,medium,10,namecheap,,,09/09/2026 01:45
d9c24f75-08fb-48a5-be88-74ba2ba14df6,crooner.name,available,8.98,9.98,medium,low,7,namecheap,,,21/09/2026 22:42
e431ae61-919f-4b13-8323-f791fe41d63d,aeneid.name,available,8.98,9.98,medium,low,6,namecheap,,,17/09/2026 12:28
5baa17bf-fdec-441c-81ff-7aae14abcba5,hedge.name,available,,,high,low,5,,,,
5834f9b9-55e7-4fc0-acf0-8ea348b32d72,sensually.name,available,8.98,9.98,medium,low,9,namecheap,,,16/09/2026 00:58
fcbc428d-808e-4fe9-8b6d-8472c3284d4c,wifelike.name,available,8.98,9.98,medium,low,8,namecheap,,,13/09/2026 00:29
9a3e829b-5d27-4a15-bed3-80801aa72fab,squishy.name,available,8.98,9.98,medium,low,7,namecheap,,,10/09/2026 16:26
fce0b882-2f92-4fa6-a0b2-2bb0395fd1f1,thrilly.name,available,8.98,9.98,medium,low,7,namecheap,,,18/09/2026 19:36
548ea693-3feb-4ee5-af28-926a37d98486,shriek.name,available,8.98,9.98,medium,low,6,namecheap,,,09/09/2026 23:53
6132d67d-0664-4ece-a198-f3b8cab3905a,arginine.name,available,8.98,9.98,medium,low,8,namecheap,,,20/09/2026 04:24
6b92867f-3923-4fe7-8eb9-e84ca36c7829,judaic.name,available,8.98,9.98,medium,low,6,namecheap,,,22/08/2026 13:17
f2216ff3-0e61-4225-af48-701d79226a55,dementia.name,available,8.98,9.98,high,low,8,namecheap,,,24/09/2026 21:47
d4a94183-9e2e-41ae-8ef9-fdaf67928ecd,attend.name,available,9.98,,high,low,6,namecheap,,,
606c0229-0a29-4b9e-9d82-5316d60bf18f,wearable.name,available,8.98,9.98,high,low,8,namecheap,,,13/09/2026 08:58
10c6c550-0cf3-4bee-ba10-54dfd518c409,deadlocked.name,available,10.99,13.99,medium,low,10,name.com,,,13/08/2026 19:27
2eb426c0-3819-4f85-b0cf-44090ec9f233,rightness.name,available,8.98,9.98,medium,low,9,namecheap,,,19/09/2026 22:23
186925aa-96c9-4485-8ead-8fbe5ff4d951,finicky.name,available,8.98,9.98,medium,low,7,namecheap,,,18/08/2026 04:58
72aeb2b4-5c8b-4849-b133-c5ebfc39f21d,ciliary.name,available,8.98,9.98,medium,low,7,namecheap,,,12/08/2026 08:04
8936ce48-3509-4ef7-a2fd-4b0dc20e6ab1,conjointly.name,available,8.98,9.98,medium,low,10,namecheap,,,14/09/2026 07:27
c3f55857-8311-4cc3-8ac3-9a794a78da6f,drastic.name,available,8.98,9.98,high,low,7,namecheap,,,14/08/2026 18:27
f148f190-9684-470a-84dd-33f2cc9c119e,rhenium.name,available,8.98,9.98,medium,low,7,namecheap,,,20/09/2026 23:48
e7b9253b-ae55-4260-9a35-f4348aad884d,etched.name,available,8.98,9.98,high,low,6,namecheap,,,17/08/2026 07:41
843a3570-3acb-419a-948d-e3b06306fa6b,beefeater.name,available,8.98,9.98,medium,low,9,namecheap,,,23/09/2026 01:09
eacb499c-60f4-4c71-8472-6ad11e6e225e,cooker.name,available,8.98,9.98,high,low,6,namecheap,,,24/09/2026 18:03
866d8438-b756-42e0-9c44-f28973e3c0a4,grapey.name,available,8.98,9.98,medium,low,6,namecheap,,,20/08/2026 18:06
5f126772-b3c2-4412-8baa-afeb1ae1f4b2,informative.name,available,9.98,,high,low,11,namecheap,,,
a356c4b6-76b4-4a2f-941a-1c6601650007,vulgar.name,available,8.98,9.98,high,low,6,namecheap,,,14/08/2026 22:44
1f6f3ff0-d05c-4bee-92cf-5a6a08f87943,northmost.name,available,8.98,9.98,medium,low,9,namecheap,,,03/09/2026 21:38
e297d983-7085-42d1-9421-c451a7ebe83f,guiding.name,available,8.98,9.98,high,low,7,namecheap,,,14/08/2026 08:49
d8dad166-0d2e-4a3d-a358-25054c8ab0b1,whitish.name,available,8.98,9.98,medium,low,7,namecheap,,,24/08/2026 23:06
3e664d94-b4a6-4d39-9485-9a4c785b12f2,blazonry.name,available,10.99,13.99,medium,low,8,name.com,,,24/09/2026 05:06
d4687f43-b089-44f4-9dbc-f0bcf665922e,amended.name,available,8.98,9.98,medium,low,7,namecheap,,,
eaa63bed-a54d-4967-89d9-967f9501b811,signal.name,available,,,high,medium,6,,,,
e19beb55-61b9-4528-9a53-c5afe05ec841,wiry.name,available,8.98,9.98,medium,low,4,namecheap,,,10/09/2026 22:42
06bec3f0-a902-4f14-8243-935397198d17,opal.name,available,,,high,low,4,,,,
8f6ca1a2-c8c6-4254-9d90-d1bbc30a448e,felonious.name,available,8.98,9.98,medium,low,9,namecheap,,,18/08/2026 00:58
e5bc0534-a9a0-40b8-9bf9-f14fd74e4d6a,leadplant.name,available,8.98,9.98,medium,low,9,namecheap,,,18/09/2026 22:45
c14c8e5a-86d8-48e5-a562-0f7d94ddc10e,soups.name,available,8.98,9.98,medium,low,5,namecheap,,,19/09/2026 22:44
04a6e109-3ee3-4572-9885-3e7a268fefdd,analecta.name,available,10.99,13.99,medium,low,8,name.com,,,19/09/2026 01:47
71037176-16b3-44fd-aa1a-1f8640aedc91,acarina.name,available,8.98,9.98,medium,low,7,namecheap,,,16/09/2026 21:31
e38bef99-cc86-4eaf-a4b5-8c69924afeee,recycled.name,available,9.98,,high,low,8,namecheap,,,
5e9f985d-1a11-4452-a9b5-32e60cba2de7,soberly.name,available,8.98,9.98,medium,low,7,namecheap,,,14/09/2026 22:10
520be7fb-343c-43ed-a625-c2566e245dee,rally.name,available,8.98,9.98,high,medium,5,namecheap,,,21/09/2026 19:55
3ccd8ffc-4b07-4347-b35e-677aac7ec668,dusts.name,available,8.98,9.98,low,low,5,namecheap,,,21/09/2026 01:44
d13d09f9-4fda-4f22-a562-c9b43ee13dd9,watched.name,available,8.98,9.98,high,low,7,namecheap,,,18/09/2026 01:33
b4629f7e-53b4-4c87-922b-fbac3b43ba66,freehand.name,available,8.98,9.98,high,low,8,namecheap,,,18/08/2026 14:55
0c035a59-ee45-49d8-ab1e-bdda7a1ad504,nonchalant.name,available,8.98,9.98,high,low,10,namecheap,,,11/08/2026 20:36
36c0cd8b-f0c3-465e-b515-001449855a32,silverbush.name,available,8.98,9.98,medium,low,10,namecheap,,,19/09/2026 14:04
fe68ab98-04e1-4f73-b624-bdff5e5287b5,tortious.name,available,8.98,9.98,medium,low,8,namecheap,,,11/09/2026 17:59
a35e0297-6d7d-4e9b-8ad8-8834d8d8d526,fop.name,available,10.99,13.99,high,low,3,name.com,,,13/08/2026 17:09
2938d9c1-038c-4710-aba7-3690111aeb15,terminal.name,resell,,,high,low,8,"eNom, LLC",02/03/2025 18:20,02/03/2027 18:20,26/09/2026 09:34
04c8f486-fd63-48d2-8caf-dd2a8b4bf54c,batrachian.name,available,8.98,9.98,low,low,10,namecheap,,,05/08/2026 20:53
8e1048f1-a6be-44cc-8c8d-9a211a90b23c,aventurine.name,available,8.98,9.98,medium,low,10,namecheap,,,21/09/2026 09:07
12b5421a-c869-4a73-9d77-214460f4d312,advisement.name,available,8.98,9.98,medium,low,10,namecheap,,,17/09/2026 11:32
1ade67ed-fca1-40b5-9731-1c8f0734b43b,having.name,available,9.98,,high,low,6,namecheap,,,
da6f8d97-1efd-41e3-9848-e8095579940d,onwards.name,available,8.98,9.98,high,low,7,namecheap,,,14/09/2026 19:51
2075c650-ed0c-43c1-88a8-44e0cb794882,already.name,available,9.98,,high,low,7,namecheap,,,
76c5db1b-89bc-4aa0-89cc-ef22a691feb8,fingerless.name,available,8.98,9.98,medium,low,10,namecheap,,,18/08/2026 04:55
0eaae617-86ff-440d-b9bd-89b9b913f8a9,roger.name,available,,,high,low,5,,,,
1f532d9b-9c08-4355-b397-e06912dcd76c,djiboutian.name,available,8.98,9.98,medium,low,10,namecheap,,,14/08/2026 14:08
1f23a72e-a870-4166-9a41-a802d92d192e,toradol.name,available,8.98,9.98,medium,low,7,namecheap,,,17/09/2026 05:31
160b87a7-44bd-4d31-a57a-b4c3d67039b1,lafayette.name,available,,,high,low,9,,,,
242180ee-b5e1-42a3-95ff-a173202b6e10,arame.name,available,8.98,9.98,medium,low,5,namecheap,,,19/09/2026 23:56
c8733fc7-5e53-4c4f-af87-c372521285e0,bleeding.name,available,8.98,9.98,high,low,8,namecheap,,,24/09/2026 05:28
2337a678-4a6d-42c4-a6b1-ec2167892099,minds.name,available,8.98,9.98,high,low,5,namecheap,,,25/09/2026 20:20
902d5f81-39de-4df4-a737-5ea6f906f99c,managers.name,available,8.98,9.98,medium,low,8,namecheap,,,20/09/2026 10:01
97e89de0-f9df-4b48-8471-f2acb7687779,aureate.name,available,8.98,9.98,medium,low,7,namecheap,,,22/09/2026 12:51
2212b94e-0f6c-4985-a476-33b140d160dd,inflexibly.name,available,8.98,9.98,medium,low,10,namecheap,,,15/09/2026 08:16
4eacd3b6-02bf-4d01-861a-98e39e93d484,badinage.name,available,8.98,9.98,medium,low,8,namecheap,,,21/09/2026 17:13
6dfaf2d9-2e07-4bb0-9130-0b6d4416474b,depleted.name,available,8.98,9.98,medium,low,8,namecheap,,,14/08/2026 02:23
af8c16a3-2d2f-4e78-a875-3354f4aaeea1,became.name,available,9.98,,medium,low,6,namecheap,,,
564cb3b6-34a9-4b45-8aa7-dfb3a087dce4,swerve.name,available,9.98,,high,low,6,namecheap,,,
20a72b66-c0cb-466e-a493-b902437f535f,supernatural.name,available,9.98,,high,low,12,namecheap,,,
e6d2786c-dcb9-416d-b7c1-62b0ebed8e7b,workmanship.name,available,8.98,9.98,high,low,11,namecheap,,,16/09/2026 08:15
47dac35e-55d8-4a96-adbf-5922c2459cb5,rostrate.name,available,8.98,9.98,high,medium,8,namecheap,,,09/09/2026 18:45
766e2546-3b3c-4c8e-958b-a5714fd54071,pronounced.name,available,8.98,9.98,high,low,10,namecheap,,,25/09/2026 16:53
7230de0c-4b75-4330-98c4-3752a0e7c08a,unkept.name,available,8.98,9.98,medium,low,6,namecheap,,,12/09/2026 14:09
45d36f2b-f210-4328-b65b-fdb4552d13e8,frugal.name,available,8.98,9.98,high,low,6,namecheap,,,18/08/2026 16:57
932e6a75-4a0b-458a-a664-73c9d23627a6,awestruck.name,available,8.98,9.98,medium,low,9,namecheap,,,08/08/2026 01:00
fb07d4df-48d1-4e97-b02e-ff632f71dd26,rouged.name,available,8.98,9.98,high,medium,6,namecheap,,,09/09/2026 18:49
fbec860c-7077-4ae5-bd42-802319458ffe,glycogen.name,available,8.98,9.98,medium,low,8,namecheap,,,19/09/2026 08:46
eb670fdf-06ba-4acc-b114-61fc49d0c923,extempore.name,available,8.98,9.98,medium,low,9,namecheap,,,
c47b16fb-7b1c-4791-9d4f-e15f0d02c097,aorta.name,available,8.98,9.98,high,low,5,namecheap,,,19/09/2026 16:04
160e05f3-b33c-4bff-8afc-b36eee0b09b0,trimox.name,available,8.98,9.98,medium,low,6,namecheap,,,18/09/2026 22:57
142c8ccc-c400-4f80-a6cc-805af3bb1a30,overshot.name,available,8.98,9.98,medium,low,8,namecheap,,,04/09/2026 21:51
cdab7049-5304-4733-8ac7-0d085e10869b,preteen.name,available,8.98,9.98,high,medium,7,namecheap,,,09/09/2026 01:08
2c8376b9-1d9f-49b6-b17a-d02e358dc43a,sounded.name,available,9.98,,medium,low,7,namecheap,,,
780563e2-c04f-4d32-bd72-f7aa12826479,fooling.name,available,8.98,9.98,high,low,7,namecheap,,,18/08/2026 10:35
5026d9b4-a8e5-4e92-9204-1f05cabac863,bandeau.name,available,8.98,9.98,medium,low,7,namecheap,,,22/09/2026 01:04
9c4d7474-d062-46e1-af66-8cf55f9b671a,speculate.name,available,9.98,,high,low,9,namecheap,,,
3eaf754b-211a-40c6-9457-d21f6ed6753c,understandable.name,available,9.98,,high,low,14,namecheap,,,
31a34062-f65e-4755-b9c7-ca1c1f957e96,doxepin.name,available,8.98,9.98,medium,low,7,namecheap,,,17/09/2026 06:25
ec1b5d3b-971b-4c63-acc1-88fe5a1eb95c,fright.name,available,8.98,9.98,medium,low,6,namecheap,,,17/09/2026 14:50
bd103c12-0e47-432f-b219-06fe5c58ca62,palace.name,available,8.98,9.98,high,low,6,namecheap,,,25/09/2026 12:42
910cfc2f-0852-4e83-9b8f-f7dd2bd566e2,angler.name,available,8.98,9.98,high,low,6,namecheap,,,18/09/2026 11:39
7921b50c-3a6c-4818-84a5-6467a9dcd092,chanted.name,available,8.98,9.98,medium,low,7,namecheap,,,12/08/2026 02:00
40c47047-37ec-419e-a791-ae8461a79750,flavorful.name,available,8.98,9.98,high,low,9,namecheap,,,18/08/2026 07:04
209ebe81-f033-44dd-98bb-b7c12e9ef71f,seoul.name,available,,,high,low,5,,,,
2c34ae88-dbbb-443e-a917-78a82347422a,hindsight.name,available,9.98,,high,low,9,namecheap,,,
3e57004d-8fcc-441b-bb1f-a6863a3a6270,religious.name,available,8.98,9.98,high,low,9,namecheap,,,09/09/2026 13:37
89f22082-84b0-4a0b-a4e3-c70cebf9b89d,facilitate.name,available,9.98,,high,low,10,namecheap,,,
a9226159-4f55-4751-94e6-c129fd34d7c5,flooring.name,available,9.98,,high,low,8,namecheap,,,
95831d86-a397-46dd-8b93-3af08701bf1e,hebridean.name,available,8.98,9.98,medium,low,9,namecheap,,,21/08/2026 05:45
0ecd1378-dd2e-4c67-9c68-77d92b279333,irrational.name,available,8.98,9.98,high,low,10,namecheap,,,25/09/2026 11:23
4268b591-8124-41b6-b38f-f8a37deebed7,prairie.name,available,,,high,low,7,,,,
39fbcd51-ca9f-44b8-918b-5b1fe10cfdad,biologist.name,available,8.98,9.98,high,low,9,namecheap,,,23/09/2026 18:26
45242ee8-be5f-4e1e-a183-0f1829a62229,traveled.name,available,9.98,,high,low,8,namecheap,,,
a545682b-33b7-4345-9411-194121f4586c,unrealized.name,available,8.98,9.98,medium,low,10,namecheap,,,12/09/2026 11:00
10e99eb7-f415-4464-9354-3d7123332d14,grizzly.name,available,8.98,9.98,high,low,7,namecheap,,,20/08/2026 19:16
c5a36cec-e8d4-4409-9eed-4c817ddd50be,forged.name,available,8.98,9.98,high,low,6,namecheap,,,18/08/2026 11:54
c8f02b82-279f-489e-802a-864b933ffd02,nassau.name,available,,,high,low,6,,,,
0d7fbb5f-5124-4243-9b13-ed23d9191ed0,onerous.name,available,8.98,9.98,medium,low,7,namecheap,,,11/08/2026 10:31
db84c9ea-09b3-4987-8e30-a8141b2c833b,wailing.name,available,8.98,9.98,medium,low,7,namecheap,,,22/08/2026 19:04
879384bb-8201-4f80-a7ef-4018a216fb94,heartening.name,available,8.98,9.98,high,low,10,namecheap,,,21/08/2026 02:09
986c6665-2084-4041-afca-9e147de7cfaa,bearskin.name,available,8.98,9.98,high,low,8,namecheap,,,22/09/2026 21:25
7142fb2f-25eb-4e7c-8e1f-2ddf72100abf,sparsely.name,available,8.98,9.98,medium,low,8,namecheap,,,16/09/2026 05:55
36716184-ed79-4bf6-95ae-7db7ae5bcc29,freaky.name,available,8.98,9.98,high,low,6,namecheap,,,10/08/2026 10:01
98e5f734-b3bc-4646-aa07-8cf7c9dc1935,halting.name,available,8.98,9.98,medium,low,7,namecheap,,,13/08/2026 07:02
bf6fa9c6-cef5-47e8-b5a8-03daab1d01ad,tamarack.name,available,8.98,9.98,medium,low,8,namecheap,,,18/09/2026 20:18
e857bac6-1c23-4f74-ae91-d509aeed66e6,masters.name,available,,,high,low,7,,,,
1148781a-971d-4795-8043-1f3b33ac5f78,lovesome.name,available,8.98,9.98,medium,low,8,namecheap,,,
c9cd6b45-278c-4fec-8693-7be5fc8ef4c5,shredded.name,available,8.98,9.98,high,low,8,namecheap,,,12/08/2026 06:59
47883a27-485d-42c2-9636-2e141989751c,baseplate.name,available,9.98,,medium,low,10,namecheap,,,
501f20c8-374d-4b2e-88de-dd92135380ef,circuit.name,available,,,high,low,7,,,,
63bc7329-ebd6-4f6b-bddd-dc879e2a7783,surpassing.name,available,8.98,9.98,high,low,10,namecheap,,,17/08/2026 16:03
cabdb2b6-db2d-496f-af00-d93e3f5be555,assembly.name,available,8.98,9.98,high,low,8,namecheap,,,20/09/2026 16:09
d62914e9-b4a2-424b-9287-1b9b155e0041,quantized.name,available,8.98,9.98,medium,low,9,namecheap,,,09/09/2026 07:30
41a6a963-80e6-4c31-acf6-38452a7d8ae2,unprepared.name,available,8.98,9.98,medium,low,10,namecheap,,,12/09/2026 17:22
05cb466d-ce13-4053-88ca-62efe5d0641e,environmentally.name,available,9.98,,high,low,15,namecheap,,,
9b73127e-3913-41aa-9fdf-a52731d6bfa0,ballerina.name,available,8.98,9.98,high,low,9,namecheap,,,21/09/2026 22:49
27c95d83-2da4-4dae-b8ea-11b2641b1b41,surprised.name,available,9.98,,high,low,9,namecheap,,,
b2be6ef8-e09b-42d3-b407-0e0306961a45,amorphous.name,available,8.98,9.98,medium,low,9,namecheap,,,
feaedbe9-fa2e-4723-a5b0-f9acb11dd5f2,audrey.name,available,8.98,9.98,high,low,6,namecheap,,,25/09/2026 14:38
bdd960ef-a14f-420a-b76d-4e107c2aff79,gemmed.name,available,8.98,9.98,medium,low,6,namecheap,,,18/08/2026 21:08
2d054d59-a438-47dc-8f85-312d31f87848,gammy.name,available,8.98,9.98,medium,low,5,namecheap,,,18/08/2026 20:04
57e48350-6645-4de4-8027-6cadff588658,mindful.name,available,8.98,9.98,high,low,7,namecheap,,,24/08/2026 23:36
31bd89db-0d3c-42ae-aff2-5e097e337a0f,andorran.name,available,8.98,9.98,medium,low,8,namecheap,,,
93697594-95e5-425b-95b8-cbf7222eec8c,wharf.name,available,9.98,,high,low,5,namecheap,,,
a9c56e0f-0fb8-4f7c-a5a4-06d3475afa75,wages.name,available,,,high,low,5,,,,
35acaf73-5237-4d5b-974d-df28c38acc2a,bandwagon.name,available,8.98,9.98,high,low,9,namecheap,,,22/09/2026 01:35
3166d494-ebe7-4722-acd9-bfaf9dce9fac,ascoma.name,available,8.98,9.98,medium,low,6,namecheap,,,20/09/2026 13:22
c0657def-ab27-450c-9696-f6e27d0d2326,urinary.name,available,8.98,9.98,medium,low,7,namecheap,,,12/09/2026 23:44
b0834c00-72fd-4e0d-8b67-e105a5fed83a,glances.name,available,8.98,9.98,medium,low,7,namecheap,,,18/09/2026 02:11
6194d312-c5bf-4601-993f-7ace72aa203d,dialectal.name,available,8.98,9.98,medium,low,9,namecheap,,,14/08/2026 05:48
f7c4d5bc-c744-43ea-9fb2-0cdbc83b76f2,reportable.name,available,8.98,9.98,high,low,10,namecheap,,,09/09/2026 14:36
2b64bb86-eea8-4f4a-8b09-99cc58fff361,annoyed.name,available,8.98,9.98,medium,low,7,namecheap,,,22/09/2026 05:18
f288f39e-082a-4b4d-b19a-0af1f1fe7d0c,hereditary.name,available,,,high,low,10,,,,
6bad4598-1828-48fc-9a0e-94b81309f7d8,never.name,available,,,high,low,5,,,,
196316c7-139d-4929-aca6-73e34bf94139,marsupial.name,available,8.98,9.98,high,low,9,namecheap,,,24/08/2026 16:32
81c5a9f6-fbd8-45ba-a568-c88739f4b369,coexistent.name,available,8.98,9.98,medium,low,10,namecheap,,,12/08/2026 15:30
fed82068-1178-4ab6-bf56-6e5a47b46536,toying.name,available,9.98,,high,low,6,namecheap,,,
e06c49f6-1a22-438c-aa6e-769a9d689c7a,unforced.name,available,8.98,9.98,high,low,8,namecheap,,,12/09/2026 05:40
c9eff1be-e430-4979-89d3-547b9b4fb965,eruptive.name,available,8.98,9.98,medium,low,8,namecheap,,,17/08/2026 13:12
4d4b0f12-3b62-45e3-946f-b42bddbbfc86,spiceberry.name,available,8.98,9.98,medium,low,10,namecheap,,,20/09/2026 03:12
31071481-cc7f-43bb-a995-c29dcd95de20,auriferous.name,available,8.98,9.98,medium,low,10,namecheap,,,22/09/2026 13:02
f2222423-6697-47d0-88b3-e115e9f3d8f0,throwback.name,available,8.98,9.98,high,low,9,namecheap,,,11/09/2026 15:00
5bf25bef-8570-4850-a41b-efcba692eef1,validated.name,available,8.98,9.98,high,low,9,namecheap,,,13/09/2026 00:59
091d6f7d-ff03-42a1-b463-e05f90d6cbc2,ciliate.name,available,8.98,9.98,medium,low,7,namecheap,,,12/08/2026 08:06
3391531b-c12a-4333-9ce5-9a700b214959,optimistic.name,available,8.98,9.98,high,low,10,namecheap,,,04/09/2026 17:07
02195a97-ffb0-45eb-987d-7f46c6b72110,atomizer.name,available,8.98,9.98,high,low,8,namecheap,,,21/09/2026 00:18
e63c1fe2-1a25-4afa-bf67-c2f3eeb6ae61,aioli.name,available,8.98,9.98,high,low,5,namecheap,,,17/09/2026 21:30
86956173-312a-471a-986f-55b412ef9755,flagfish.name,available,8.98,9.98,medium,low,8,namecheap,,,18/09/2026 19:58
f025155b-192a-4661-9f51-59ec98e1ce33,recusant.name,available,8.98,9.98,medium,low,8,namecheap,,,14/08/2026 12:28
aaacd152-1242-4f0f-ab25-96d594bb6308,aqaba.name,available,8.98,9.98,medium,low,5,namecheap,,,17/09/2026 23:49
fbace919-5560-43f8-8776-4b8b2db07766,publication.name,available,9.98,,high,low,11,namecheap,,,
d66b0ab3-ced9-45db-998a-ec11f7a11dbb,accurately.name,available,9.98,,high,low,10,namecheap,,,
9e4a4f2c-18ab-4784-b0aa-4fbd068820c3,curator.name,available,8.98,9.98,high,low,7,namecheap,,,24/09/2026 17:27
a2f25c2a-23d0-4003-b6b7-20bafd311d3d,syncretic.name,available,8.98,9.98,medium,low,9,namecheap,,,11/09/2026 06:21
f78e6a1d-1fbb-4e72-a244-e669b908994c,masterful.name,available,8.98,9.98,high,low,9,namecheap,,,23/09/2026 21:35
60d1f1c0-8349-499d-a285-a5e028487d61,uncut.name,available,8.98,9.98,high,low,5,namecheap,,,12/09/2026 06:52
f1e1feb4-05b3-4b80-a8aa-6fd99b51a054,astarte.name,available,8.98,9.98,medium,low,7,namecheap,,,20/09/2026 14:01
102b188d-be30-4031-b26a-084864323f83,stationary.name,available,8.98,9.98,high,low,10,namecheap,,,10/09/2026 19:12
d9d5a7ea-1761-4083-8757-933e3450d3c2,bawler.name,available,8.98,9.98,medium,low,6,namecheap,,,22/09/2026 16:58
1000bfaa-5ce6-4233-840d-8dab77424393,unsure.name,available,8.98,9.98,medium,low,6,namecheap,,,22/08/2026 01:08
674d1ad5-fdfe-4191-99b8-e025b73abc33,fiber.name,available,9.98,,high,low,5,namecheap,,,
0fca0886-197d-4757-9d45-511ca85cf725,ammeter.name,available,8.98,9.98,medium,low,7,namecheap,,,18/09/2026 22:00
a2d1d554-ca5c-4fa8-9b11-6297737ac9d5,nettled.name,available,8.98,9.98,medium,low,7,namecheap,,,
1c777893-33e9-4b06-9efd-de46e9a81fcf,hour.name,available,9.98,,high,low,4,namecheap,,,
ae07108d-063d-451a-8a4a-b5b2c155e4ad,chewable.name,available,8.98,9.98,medium,low,8,namecheap,,,12/08/2026 04:28
f1f8e34f-0e6a-443f-a89b-edc9e704e784,blanquillo.name,available,8.98,9.98,medium,low,10,namecheap,,,24/09/2026 04:04
a4d33606-4752-4135-aaf9-1ccbc0d946f2,harmonic.name,available,8.98,9.98,high,low,8,namecheap,,,12/08/2026 22:46
e8087941-bed6-42a4-ab92-c6f5a3ac23d2,ham.name,available,,,high,low,3,,,,
10f37747-c9dc-43a0-925e-14ffc850af08,minimum.name,available,8.98,9.98,high,low,7,namecheap,,,25/09/2026 20:24
6bb3a1a9-870a-461d-9ca1-101e93dc589b,stamford.name,available,8.98,9.98,high,low,8,namecheap,,,25/09/2026 16:33
a7abe949-f343-43a2-9d7e-563b84f4fe87,streets.name,available,,,high,low,7,,,,
b2df6de5-6e6e-4660-8abc-72e420ae74d2,unopened.name,available,8.98,9.98,medium,low,8,namecheap,,,12/09/2026 16:14
52da68d2-9367-47aa-94e1-5ff49607a7bc,patterned.name,available,8.98,9.98,high,low,9,namecheap,,,08/09/2026 10:49
0b92b347-1af0-49c3-9248-6a1a07433cef,sharply.name,available,9.98,,medium,low,7,namecheap,,,
3fef0b1c-69f0-482c-a245-af77de704c8b,mistaken.name,available,8.98,9.98,medium,low,8,namecheap,,,25/08/2026 01:52
fe877b4b-4c11-427d-9f03-3ab67bf6b050,sapphic.name,available,8.98,9.98,high,low,7,namecheap,,,23/08/2026 00:18
a2829d4d-113c-4f59-abbc-eccfd22a256d,mentoring.name,available,8.98,9.98,high,low,9,namecheap,,,26/09/2026 00:53
3b874692-4e3d-4e1f-baa0-9affae870700,keyset.name,available,8.98,9.98,low,low,7,namecheap,,,21/09/2026 00:17
000590f7-7016-4163-b750-7459056966f3,hoagie.name,available,8.98,9.98,high,low,6,namecheap,,,24/09/2026 20:04
cf01973f-ced7-4197-b938-c32c37977d04,gratuity.name,available,8.98,9.98,high,low,8,namecheap,,,21/09/2026 15:50
c1404b60-bc02-437f-9e37-0b937423dc8c,spew.name,available,8.98,9.98,high,medium,4,namecheap,,,10/09/2026 07:39
ec9c04ef-5eef-4901-90bb-2fea843c8477,noisome.name,available,8.98,9.98,medium,low,7,namecheap,,,18/08/2026 02:29
46a0c18d-37f4-4352-bb8d-852e4d4338fb,aculea.name,available,8.98,9.98,low,low,6,namecheap,,,17/09/2026 05:32
95ea8ad6-2517-480d-9d43-edc9f719b694,trouble.name,available,8.98,9.98,high,low,7,namecheap,,,24/09/2026 07:29
fe259c0b-b76b-4083-91ef-6b71c4d8c343,needing.name,available,9.98,,high,low,7,namecheap,,,
9f7a1127-ab43-4b26-bf31-244d7534667c,conceal.name,available,9.98,,high,low,7,namecheap,,,
376693af-b7c8-479b-8369-d1c8fbac1ddc,shoveler.name,available,8.98,9.98,medium,low,8,namecheap,,,19/09/2026 02:54
6de5e6b7-30d6-422d-bde1-84ea90d0fe9e,outermost.name,available,8.98,9.98,high,low,9,namecheap,,,04/09/2026 19:17
b0272ab0-3a6c-41a5-bb8e-c4a6cdfbe131,ectopic.name,available,8.98,9.98,medium,low,7,namecheap,,,14/08/2026 23:57
08cbfe98-e97a-4165-a4e6-27931bd25501,subjects.name,available,9.98,,medium,low,8,namecheap,,,
a2aa346b-6f1f-4c14-9f77-e6019c1114ee,fungous.name,available,8.98,9.98,low,low,7,namecheap,,,18/08/2026 18:30
8deba382-a9db-4e16-b68f-5ae721037698,edgeways.name,available,8.98,9.98,medium,low,8,namecheap,,,14/09/2026 15:04
52be8901-7f8b-406c-92c6-6658bdd95867,learner.name,available,8.98,9.98,high,low,7,namecheap,,,19/09/2026 22:19
6634af67-cab8-48ca-bf5b-31a27f25b94c,required.name,available,8.98,9.98,high,low,8,namecheap,,,23/09/2026 18:27
017b4605-50d3-4952-a816-032841349ce1,goosy.name,available,8.98,9.98,medium,low,5,namecheap,,,14/08/2026 16:07
ab4fe58e-1520-4e24-8852-9babf232e367,celsius.name,available,8.98,9.98,high,low,7,namecheap,,,19/09/2026 04:00
9bc79bbc-8ed7-41aa-b655-0b74da2feb9e,disastrous.name,available,8.98,9.98,medium,low,10,namecheap,,,11/08/2026 13:30
ebd54daa-b90a-4994-8992-994ee0ddbf97,inanimate.name,available,8.98,9.98,medium,low,9,namecheap,,,22/08/2026 00:17
271d7cb6-d013-45c3-aca8-b62c4c64d579,behest.name,available,8.98,9.98,high,low,6,namecheap,,,23/09/2026 03:29
a9b9ab98-e2b5-4834-aea2-f404d65326dd,bhutan.name,available,8.98,9.98,high,high,6,namecheap,,,23/09/2026 12:39
e334f679-58c3-4335-85fc-c06787c68f1b,angiogram.name,available,10.99,13.99,medium,low,9,name.com,,,19/09/2026 06:13
63ac3c0a-ed23-4f9f-b8f1-35d0c7efdd2d,linguistic.name,available,8.98,9.98,high,low,10,namecheap,,,23/08/2026 15:05
bfae7b6a-4f72-4e15-bd8e-3522eb6523c9,motrin.name,available,8.98,9.98,high,medium,6,namecheap,,,17/09/2026 11:16
b5d0cf46-93dc-4559-b771-9ce3f1ff6e4e,magically.name,available,8.98,9.98,high,low,9,namecheap,,,13/09/2026 21:17
ef18284f-2281-4ae9-8f61-d5e923c3f23a,bases.name,available,8.98,9.98,medium,low,5,namecheap,,,17/09/2026 21:42
eddd200c-daa9-4c64-9830-8456cb8eb34f,anathemise.name,available,10.99,13.99,low,low,10,name.com,,,13/08/2026 16:25
12a14c5f-7b22-4cb4-9dde-2a46b530fbc3,ferrous.name,available,8.98,9.98,medium,low,7,namecheap,,,18/08/2026 02:09
ee49bab2-f630-4131-8b1c-bbafbffb7efc,blackness.name,available,8.98,9.98,medium,low,9,namecheap,,,10/08/2026 10:54
fc79e96a-8a62-4fa9-931a-41fd38b33b33,fastidious.name,available,8.98,9.98,medium,low,10,namecheap,,,17/08/2026 15:30
b1572e98-2b2c-48f3-9dfe-436d890cc256,sweetened.name,available,8.98,9.98,high,low,9,namecheap,,,11/09/2026 01:18
203426de-eb72-4e55-a1a1-7db0db6b4c66,ibnsina.name,available,8.98,9.98,medium,low,8,namecheap,,,16/09/2026 18:41
94a6a0e5-7439-44b5-8053-f0c4ef7ec467,adds.name,available,10.99,13.99,medium,low,4,name.com,,,18/09/2026 14:32
a53d579e-2b5c-4a7a-9f56-83356ed2284e,impede.name,available,8.98,9.98,medium,low,6,namecheap,,,21/08/2026 09:28
2b38bc4a-770b-4444-b970-b311cff54d0e,unclouded.name,available,8.98,9.98,medium,low,9,namecheap,,,12/08/2026 12:35
c5b678e9-57db-43a5-8a17-3b5a7872f9b5,invitation.name,available,9.98,,high,low,10,namecheap,,,
185e6125-53c5-4303-8798-e75cde08e7bc,dread.name,available,8.98,9.98,high,low,5,namecheap,,,14/08/2026 18:38
cf6e6c72-4225-4b83-bfe5-d9c3fbddf550,tethered.name,available,8.98,9.98,medium,low,8,namecheap,,,11/09/2026 12:10
511b708d-bd84-4fff-ac7e-d8bc707b26fe,honeyed.name,available,8.98,9.98,medium,low,7,namecheap,,,21/08/2026 13:23
14ef5f5a-b75a-448e-894d-acfacda3bb82,veterans.name,available,8.98,9.98,high,low,8,namecheap,,,18/09/2026 11:06
ca5ffd7e-1908-4349-9ca9-33d355af97a6,mandatory.name,available,8.98,9.98,high,low,9,namecheap,,,23/09/2026 18:22
302fe73d-6045-43c3-9af3-06a5c1dfc5e2,extensive.name,available,8.98,9.98,high,low,9,namecheap,,,
54981bdb-278f-4414-bb58-e343e65b1aca,amphibia.name,available,8.98,9.98,high,low,8,namecheap,,,18/09/2026 23:11
17becf74-cfab-460b-9452-8888f58d391c,agitation.name,available,8.98,9.98,medium,low,9,namecheap,,,17/09/2026 18:06
32150fd4-66e1-45c4-809c-9945b735e8c3,paper.name,available,9.98,,high,low,5,namecheap,,,
0172304c-d0c1-4bc1-b460-13fbedb97131,reflected.name,available,8.98,9.98,high,medium,9,namecheap,,,09/09/2026 12:37
36a9bf74-5c1a-402b-b94e-c1699292b7fa,skinned.name,available,8.98,9.98,high,low,7,namecheap,,,10/09/2026 09:44
1ad33425-1e27-4b82-a3c1-3697560ba51c,astrodome.name,available,8.98,9.98,medium,low,9,namecheap,,,20/09/2026 17:37
0332cb76-7ef9-4911-8c07-6e7f7d972b82,lugubrious.name,available,8.98,9.98,medium,low,10,namecheap,,,24/08/2026 11:04
6f87e389-7cc0-4eb7-ab00-aab73fe38cdb,horrified.name,available,8.98,9.98,medium,low,9,namecheap,,,21/08/2026 14:14
c2fb3c71-2b8c-4780-bd23-d71dfc50c552,circus.name,available,9.98,,high,low,6,namecheap,,,
c5f725d0-5002-4f34-bf2d-e7bb74f1b267,standard.name,available,,,high,medium,8,,,,
13276c6a-c910-4a56-b37e-a0a5b12119e8,amnesiac.name,available,8.98,9.98,medium,low,8,namecheap,,,
a6bb8823-8629-4680-b246-c31ce7c949dd,needed.name,available,8.98,9.98,high,low,6,namecheap,,,03/09/2026 14:49
579e309a-7fae-4388-9461-5a25cf179507,jock.name,available,,,high,low,4,,,,
8b3fa1f4-999d-4eee-873a-b49eb73cfec3,adz.name,available,8.98,9.98,medium,low,3,namecheap,,,17/09/2026 12:01
dd499f40-f387-4e05-9b50-8db8f2a155ef,saami.name,available,8.98,9.98,high,medium,5,namecheap,,,09/09/2026 21:07
6faeb935-3da3-4093-b26b-becb337fce82,approved.name,available,8.98,9.98,high,low,8,namecheap,,,06/08/2026 09:20
deb2b9b6-d13a-40ef-9bcd-5c1189ac1b46,backpacker.name,available,8.98,9.98,high,low,10,namecheap,,,21/09/2026 15:44
f0b75f93-5d06-4216-82d0-70a91350080b,submissive.name,resell,,,medium,low,10,"GoDaddy.com, LLC",14/07/2007 16:07,14/07/2027 16:07,26/09/2026 09:22
83d870ff-3ddc-43b7-9db6-0380d2c6572c,acyl.name,available,10.99,13.99,medium,low,4,name.com,,,17/09/2026 05:49
391b6536-a9e9-4ca0-8446-8b744ac24e3b,likewise.name,available,10.99,13.99,high,low,8,name.com,,,22/09/2026 00:06
204ecc22-a927-43d0-9b2a-3b75ebad333d,stirred.name,available,8.98,9.98,high,low,7,namecheap,,,25/08/2026 09:07
867a3d49-287d-4b33-b18a-4f2a75595f78,atavist.name,available,8.98,9.98,medium,low,7,namecheap,,,11/09/2026 14:58
6bcae97d-8c2e-4fc6-9f63-1634e6c2ec76,beachwear.name,available,8.98,9.98,high,low,9,namecheap,,,22/09/2026 19:10
c5a5b9ec-4154-41bc-8a3f-db0ee8bb4b65,unisexual.name,available,8.98,9.98,high,low,9,namecheap,,,12/09/2026 13:54
34f1ac79-45b9-4a5c-91a1-66bd039bde20,retaliator.name,available,8.98,9.98,medium,low,10,namecheap,,,21/09/2026 08:57
1580da64-222a-46d8-ac8e-3bda40ff3736,appellant.name,available,8.98,9.98,medium,low,9,namecheap,,,06/08/2026 06:23
e4895770-192e-45d9-8d7a-dfd53d04d268,confess.name,available,9.98,,high,low,7,namecheap,,,
fa5e5902-bfd7-4f33-b457-f582be25bc4b,midmost.name,available,8.98,9.98,medium,low,7,namecheap,,,24/08/2026 22:29
9e39bdc9-118f-44b8-ae36-bee3554997e7,couples.name,available,8.98,9.98,medium,low,7,namecheap,,,
b3d13059-030d-4f95-b2b1-bf490295b6c7,receding.name,available,8.98,9.98,medium,low,8,namecheap,,,09/09/2026 11:16
40883957-9009-49b8-a25b-0ddefbe3cafa,coiled.name,available,8.98,9.98,medium,low,6,namecheap,,,12/08/2026 16:07
e875720c-3dad-4a96-a89e-7bf0cdd92cc3,bedframe.name,available,8.98,9.98,high,low,9,namecheap,,,22/09/2026 23:17
3d245d7f-6679-4a9b-8b0a-3cbc977148bf,accession.name,available,8.98,9.98,high,low,9,namecheap,,,16/09/2026 22:09
a10047c8-67fa-42c0-858b-3a6429385cdb,eighteenth.name,available,8.98,9.98,high,low,10,namecheap,,,
5cba550f-3290-4cf0-b0d4-00bc52706b9f,rang.name,available,,,medium,low,4,,,,
b9e2c2cf-abc7-4054-90a7-83bda394b89b,consensual.name,available,8.98,9.98,high,low,10,namecheap,,,12/08/2026 22:31
ab4ea1ae-f51b-40af-a76f-114c88fe23bb,solely.name,available,8.98,9.98,high,low,6,namecheap,,,
788eb818-1e95-43fa-9fba-1d6b8775e87a,succeed.name,available,9.98,,high,low,7,namecheap,,,
c8a6b421-c487-48d1-b317-25136d53f66a,unequalled.name,available,8.98,9.98,high,low,10,namecheap,,,12/09/2026 09:11
8d32bf08-316a-481b-9350-77e5957e6df4,customs.name,available,8.98,9.98,high,low,7,namecheap,,,24/09/2026 20:42
6c24e30e-c18e-4de4-ac5f-7d0367b35349,jointed.name,available,8.98,9.98,medium,low,7,namecheap,,,22/08/2026 13:44
83911bb6-0228-4455-a7a0-2701ee0c1af8,bragger.name,available,8.98,9.98,medium,low,7,namecheap,,,11/08/2026 01:14
c01daeaa-7851-40e6-83f4-75f3ba51ca21,wraps.name,available,8.98,9.98,medium,low,5,namecheap,,,20/09/2026 11:16
694a6afa-131c-412c-af84-c5193269196e,wriggly.name,available,8.98,9.98,medium,low,7,namecheap,,,13/09/2026 13:43
2d3231a9-d160-4559-9cf5-1d5975260b52,saucer.name,available,,,high,low,6,,,,
fc28f94e-bfa0-468e-bc26-03544d038412,uppercase.name,available,8.98,9.98,high,low,9,namecheap,,,25/09/2026 16:20
8bd6be20-6665-4df0-b489-bd53fa215a58,resinated.name,available,8.98,9.98,medium,low,9,namecheap,,,09/09/2026 15:09
e9c184b9-f60c-46fb-9462-d282f53358ca,anglophobe.name,available,8.98,9.98,medium,low,10,namecheap,,,19/09/2026 06:55
763be425-4322-42ac-95cf-c884019365df,treasured.name,available,8.98,9.98,high,low,9,namecheap,,,12/08/2026 04:21
5a968d2c-b9f4-44a2-954b-8dffdcd3d3ff,defaults.name,available,8.98,9.98,low,low,8,namecheap,,,21/09/2026 07:23
a5fc994f-bc03-4600-b8ac-098963642fa5,delay.name,available,,,high,low,5,,,,
a25f24de-518b-41ba-8f33-61be1a509d05,threescore.name,available,8.98,9.98,medium,low,10,namecheap,,,
4cdf5c2b-643a-48d2-ae06-483c587bab3a,unnerved.name,available,8.98,9.98,medium,low,8,namecheap,,,12/09/2026 15:54
ab496008-f9fa-4869-87b7-8a390035b6af,basement.name,available,9.98,,high,low,8,namecheap,,,
185ab993-c51d-466e-b449-56aef29c2b6d,erst.name,available,8.98,9.98,medium,low,4,namecheap,,,17/08/2026 13:07
5a57f360-c449-4cc9-8822-41a45cba9255,acervate.name,available,8.98,9.98,medium,low,8,namecheap,,,
d3f57ada-c8f2-4216-b9f1-af6569ca677c,devoutly.name,available,8.98,9.98,medium,low,8,namecheap,,,14/09/2026 12:30
fae94f29-90fd-4c22-92e6-da9675ce7764,arbalist.name,available,8.98,9.98,medium,low,8,namecheap,,,20/09/2026 00:35
c17c3760-0b6b-4908-9d7d-01cfb9fd3b2e,contrary.name,available,8.98,9.98,high,low,8,namecheap,,,23/09/2026 22:29
d910f436-d43d-42cb-94a9-46b3415d837f,homophobic.name,available,8.98,9.98,medium,low,10,namecheap,,,21/08/2026 13:04
b4144396-4705-4186-9bb3-974b24977e8b,tycoon.name,available,8.98,9.98,high,low,6,namecheap,,,23/09/2026 14:18
2a112c58-bf6c-45b3-b9a2-47fcf7358ef9,cinnabar.name,available,8.98,9.98,high,low,8,namecheap,,,12/08/2026 05:49
04d72d9e-efcf-454e-9eb1-4821a3307c66,acarine.name,available,8.98,9.98,medium,low,7,namecheap,,,16/09/2026 21:33
3b7017d3-139a-4130-a369-8fd5fc3faebf,artillery.name,available,8.98,9.98,high,low,9,namecheap,,,20/09/2026 11:43
6373167a-62e4-4a99-9882-9558f6511288,mirish.name,available,8.98,9.98,medium,low,6,namecheap,,,16/09/2026 16:36
e8d78123-cfe1-49e0-bc0c-9f966c2baa13,longhand.name,available,8.98,9.98,high,low,8,namecheap,,,13/08/2026 11:38
123ae266-5b88-4f36-906f-282bc2691cdd,asterisk.name,available,8.98,9.98,high,low,8,namecheap,,,20/09/2026 17:11
fc1ac1c5-dcf4-4fcd-994f-0655f6338b83,almost.name,available,9.98,,high,low,6,namecheap,,,
d5fdfe1b-4abb-4429-a5bc-d1fb819c51cf,capability.name,available,8.98,9.98,high,low,10,namecheap,,,24/09/2026 12:11
61e92109-9bc2-41b5-a830-72a34020681f,unnoticed.name,available,8.98,9.98,medium,low,9,namecheap,,,12/09/2026 16:02
f136e116-64c1-4c40-b4bc-80ad35d81276,ungoverned.name,available,8.98,9.98,medium,low,10,namecheap,,,12/09/2026 04:36
aedd8189-451e-4f34-8c02-1ebda847b456,dumpy.name,available,8.98,9.98,medium,low,5,namecheap,,,14/08/2026 21:10
0f49a181-3c96-4ec2-8d23-8fcec8cb4628,reconciled.name,available,8.98,9.98,high,low,10,namecheap,,,09/09/2026 11:49
bddb99af-42d0-4b6b-ab88-e9206c5b1a3d,isolated.name,available,10.99,13.99,high,low,8,name.com,,,22/09/2026 07:07
555629bd-ce5e-498d-b8ca-ae07afb1e513,scuffle.name,available,8.98,9.98,high,medium,7,namecheap,,,09/09/2026 18:54
3d470789-d26d-46e4-b11c-5d55175a801c,encyclical.name,available,8.98,9.98,medium,low,10,namecheap,,,17/08/2026 00:42
48cee7fd-2025-494d-857f-a09d2715a96b,newborn.name,resell,,,high,low,7,IONOS SE,14/04/2007 15:17,14/04/2027 15:17,26/09/2026 07:45
114c58dd-a4fd-411c-8378-da1e34085285,demonic.name,available,8.98,9.98,medium,low,7,namecheap,,,14/08/2026 01:26
d451ece6-8d26-48fc-bca1-96512bdddfe7,carangid.name,available,8.98,9.98,medium,low,8,namecheap,,,11/08/2026 18:31
08226559-a088-44d0-b33a-204ad0ebdce4,parent.name,available,,,high,low,6,,,,
820748bd-da8d-42c7-8f06-193cc0fa5721,piffle.name,available,8.98,9.98,medium,low,6,namecheap,,,21/09/2026 21:41
aed7cf6c-43cc-48d0-8a2c-52daea9aa102,phial.name,available,8.98,9.98,medium,low,5,namecheap,,,18/09/2026 23:47
b2af87d7-82d2-4a75-a38a-ece632b21854,chickpea.name,available,8.98,9.98,high,low,8,namecheap,,,24/09/2026 14:29
d3dd508e-7702-4fde-9c8e-3dbe2e6cf9e6,charged.name,available,8.98,9.98,high,low,7,namecheap,,,12/08/2026 02:31
12cd8926-c1f9-46e1-8308-4ea784641267,bifurcated.name,available,8.98,9.98,medium,low,10,namecheap,,,09/08/2026 20:24
3208b2e0-6621-40f4-9319-a5996612879c,buffoon.name,available,8.98,9.98,medium,low,7,namecheap,,,24/09/2026 10:55
bad69736-9c3a-4332-a658-3af2bf2b4724,pulpy.name,available,8.98,9.98,high,medium,5,namecheap,,,09/09/2026 05:57
48826cc2-911c-40cf-a7da-ff5ea69d36a4,awl.name,available,8.98,9.98,high,low,3,namecheap,,,21/09/2026 10:07
22b39a8c-8588-49ba-b094-e89a663749fd,cautious.name,available,8.98,9.98,high,low,8,namecheap,,,11/08/2026 22:44
5a7def53-71fb-4093-a1b4-a927bf2d047d,scent.name,available,8.98,9.98,high,low,5,namecheap,,,20/09/2026 08:28
dd9704a3-450b-46b9-80c4-88a98e66ae37,piggy.name,available,8.98,9.98,high,low,5,namecheap,,,21/08/2026 10:19
d7c8df62-b0f3-4359-815b-612a2b82a2c6,invariably.name,available,9.98,,medium,low,10,namecheap,,,
5d8ed40a-1b82-4361-b54d-94f5c540ca60,lemon.name,available,,,high,medium,5,,,,
1b91365e-ad45-4844-a83f-33cdfe314131,whacking.name,available,8.98,9.98,medium,low,8,namecheap,,,13/09/2026 11:09
c6be034c-7093-4918-b3a3-3c0ae75af157,precocious.name,available,8.98,9.98,high,medium,10,namecheap,,,09/09/2026 01:16
276b81bd-2cd1-43a8-9cf5-d16a203395a6,swaggie.name,available,8.98,9.98,medium,low,7,namecheap,,,11/09/2026 05:03
ff339d8a-5b5a-4abb-9c03-17219b5b3cd3,cambodian.name,available,8.98,9.98,high,low,9,namecheap,,,11/08/2026 15:40
a780fa28-a179-46ac-96f5-b131076caa48,meshing.name,available,8.98,9.98,high,low,7,namecheap,,,22/08/2026 08:10
900a877d-afea-4a6b-8924-5944fd38ef15,hermetic.name,available,8.98,9.98,medium,low,8,namecheap,,,21/08/2026 07:10
5b012b3e-4568-4274-8140-25e5cd5325bc,germfree.name,available,8.98,9.98,medium,low,8,namecheap,,,18/08/2026 22:48
fd0c5705-ece1-42c8-8b6e-81b62573b713,beamy.name,available,8.98,9.98,medium,low,5,namecheap,,,09/08/2026 04:18
133e0c8f-8a3c-4a41-98af-99e805b710c3,surrogate.name,available,8.98,9.98,high,low,9,namecheap,,,22/09/2026 02:27
aeca3b98-5620-4328-bb19-bbb82a8c3b36,indic.name,available,8.98,9.98,medium,low,5,namecheap,,,22/08/2026 03:16
c7138837-79ae-46c7-a76c-a4f432cf4dc0,january.name,available,,,high,low,7,,,,
1c75729c-c42a-4917-bb11-72a5b8cdcbe3,physics.name,available,8.98,9.98,high,low,7,namecheap,,,25/09/2026 23:49
840abe7c-227b-4e3e-a426-88019e9eebd9,withdrawal.name,available,8.98,9.98,high,low,10,namecheap,,,21/09/2026 15:22
6a126e54-35d6-4698-9420-a5b9a9d8f1bf,cookie.name,available,,,high,low,6,,,,
568082ca-6b5e-4f2b-940d-a410408d9c9d,disuse.name,available,8.98,9.98,medium,low,6,namecheap,,,24/09/2026 23:14
89999477-f5d9-4c40-ad65-3b15ffb27cc1,bilk.name,available,8.98,9.98,medium,low,4,namecheap,,,09/09/2026 08:21
a663aa7b-e3e5-48cf-b1da-0031def7f781,lxxv.name,available,8.98,9.98,medium,low,4,namecheap,,,
309440b0-4782-4045-8696-4b8f0d238959,addax.name,available,8.98,9.98,medium,low,5,namecheap,,,17/09/2026 06:40
bed8e8cd-bd8f-4846-a608-ce0024970ec0,caloric.name,available,8.98,9.98,medium,low,7,namecheap,,,11/08/2026 15:07
0ece19cc-3400-4cf9-a1a8-1dc40042cafb,stringent.name,available,8.98,9.98,medium,low,9,namecheap,,,10/09/2026 22:40
0aff0232-2c6d-4e40-9f8d-a37fda0b612e,adhocracy.name,available,8.98,9.98,medium,low,9,namecheap,,,17/09/2026 08:02
8ff918ca-618d-4ac3-834f-eeaa266e2112,humorless.name,available,8.98,9.98,medium,low,9,namecheap,,,21/08/2026 15:23
12503351-4712-41cc-bd8c-67c15fb5381e,isothermic.name,available,8.98,9.98,medium,low,10,namecheap,,,22/08/2026 11:24
85560873-a5e0-4210-b06e-58a75f450888,mentation.name,available,8.98,9.98,medium,low,9,namecheap,,,11/09/2026 13:33
45e7d1f1-e8ac-4647-8977-cc2f45c8edf3,forthright.name,available,8.98,9.98,high,low,10,namecheap,,,11/08/2026 16:42
d11d754c-58ca-42ed-ae3c-12d4d4dcb0b0,supplicant.name,available,8.98,9.98,medium,low,10,namecheap,,,11/09/2026 03:28
3346d599-2e81-4f8e-a547-cedd971244ce,jeweled.name,available,8.98,9.98,high,low,7,namecheap,,,18/08/2026 21:10
b446da86-1452-4cee-aff4-487370a0a694,churchly.name,available,8.98,9.98,medium,low,8,namecheap,,,12/08/2026 07:48
6275acee-e13a-4a06-a888-606c0bb04ce4,batman.name,available,,,high,low,6,,,,
e18d5855-6840-499f-be11-8b37afcd8189,revolting.name,available,8.98,9.98,medium,low,9,namecheap,,,14/08/2026 10:45
3d9c6523-398a-436e-aa01-daac2f7fcc02,shoe.name,available,,,high,low,4,,,,
ce930f80-3ea2-4ae0-af8e-ff8d32a20e1e,footle.name,available,8.98,9.98,medium,low,6,namecheap,,,11/09/2026 08:27
0f4eb027-219c-4506-b95a-81278cbd12f8,abject.name,available,8.98,9.98,medium,low,6,namecheap,,,
ffd5aa95-3dd1-4f0c-8011-b8be72ff22d4,adopter.name,available,8.98,9.98,medium,low,7,namecheap,,,17/09/2026 09:39
cd80d726-f5d4-49bf-a68e-cd7556173aff,onrush.name,available,8.98,9.98,medium,low,6,namecheap,,,21/09/2026 01:07
6060bc94-eeb2-4be3-a5b1-00a51298d66a,adviser.name,available,9.98,,high,low,7,namecheap,,,
09200102-1796-4014-bc22-d5b0d149b418,narrowing.name,available,8.98,9.98,high,low,9,namecheap,,,12/08/2026 23:00
ab9b0dd8-a726-42a7-a016-d48d4ab3ff5b,ringway.name,available,8.98,9.98,medium,low,7,namecheap,,,23/09/2026 07:12
038b8b63-657e-4e2e-bc13-5458dd87a8d9,candlenut.name,available,8.98,9.98,medium,low,9,namecheap,,,18/09/2026 05:37
a96545ec-f12c-47b5-83cd-c006ea606606,baptized.name,available,8.98,9.98,high,low,8,namecheap,,,08/08/2026 14:55
58cd44d4-ae13-4446-a6c0-936bd9399344,playdate.name,available,9.98,,high,low,9,namecheap,,,
b9701a3e-19a0-442a-a3de-bbee236ad587,aunt.name,available,9.98,,high,low,4,namecheap,,,
981b0a52-33ed-435e-ba31-dd99d5c8b63e,stifled.name,available,8.98,9.98,high,medium,7,namecheap,,,10/09/2026 12:12
79f21127-dd2c-4144-bb09-30db6a2f0bf8,khakis.name,available,9.98,,high,low,6,namecheap,,,
080d21c4-53dd-4906-8b1a-8152c0066aed,voguish.name,available,8.98,9.98,high,low,7,namecheap,,,12/08/2026 04:42
b14126eb-0487-4b05-9a2a-aa67495a9ba8,fulgurant.name,available,10.99,13.99,medium,low,9,name.com,,,13/08/2026 18:59
28d95a6a-7c44-49b0-b5b3-814585d00cbf,corsican.name,available,8.98,9.98,high,low,8,namecheap,,,13/08/2026 02:33
dbd00920-9687-4320-aba6-9c628f30e3e7,decimal.name,available,8.98,9.98,high,low,7,namecheap,,,13/08/2026 21:27
6e4f1160-1cc2-42cc-85a0-b83bd2f8925f,speckless.name,available,8.98,9.98,medium,low,9,namecheap,,,21/08/2026 20:42
d918c4ff-94ad-4acb-b882-c08e97ad8c49,scorching.name,available,8.98,9.98,high,low,9,namecheap,,,09/09/2026 23:31
b5178b59-c9b6-46a7-9631-6d309cf3f520,solicitous.name,available,8.98,9.98,medium,low,10,namecheap,,,10/09/2026 13:39
971bddfb-8ed5-4925-bb86-f5995d37d780,maternal.name,available,8.98,9.98,high,low,8,namecheap,,,25/09/2026 18:01
c8fb7f63-f079-4c15-8806-8b67c7126295,blackfish.name,available,8.98,9.98,medium,low,9,namecheap,,,24/09/2026 01:55
e65a80b9-651a-47d0-83e5-9fcd3e648a0a,stops.name,available,,,high,low,5,,,,
1da01b89-995b-4e4d-8f0f-376279f9abaa,fumbling.name,available,8.98,9.98,medium,low,8,namecheap,,,11/08/2026 10:05
0cde1046-ff6e-43d7-b6b0-b604839b967b,tasmanian.name,available,8.98,9.98,high,low,9,namecheap,,,11/09/2026 08:50
5689f10c-8e0b-4172-83b1-f42b35c193c4,surging.name,available,8.98,9.98,high,low,7,namecheap,,,09/08/2026 21:44
52b90480-d2eb-410c-b7c6-c65c75e6e740,acidotic.name,available,8.98,9.98,medium,low,8,namecheap,,,
e6679a4f-464c-4ced-9d2a-85969f991c4b,relevantly.name,available,8.98,9.98,medium,low,10,namecheap,,,15/09/2026 22:59
28143ee6-8b47-450b-9b02-9ad2c309b2b2,monotonic.name,available,8.98,9.98,medium,low,9,namecheap,,,25/08/2026 05:23
0e9407b0-c083-4cf7-ab15-45b46b5b8b06,clubby.name,available,8.98,9.98,high,low,6,namecheap,,,12/08/2026 11:19
981d064a-5fee-41b4-8033-5e548ab740d7,coffeehousing.name,available,8.98,9.98,medium,low,13,namecheap,,,20/09/2026 21:09
597a3068-2a15-4086-883a-f20af1906d8e,adherence.name,available,8.98,9.98,high,low,9,namecheap,,,17/09/2026 07:58
32c8363d-6531-4b56-9a54-a4e942e5f6f3,paperlike.name,available,8.98,9.98,medium,low,9,namecheap,,,12/08/2026 02:45
42720e95-7bc6-42e9-8a44-1b0feda949d4,diligently.name,available,8.98,9.98,high,low,10,namecheap,,,14/09/2026 12:40
a92b9a92-a751-4e66-ae9c-49dbedf49300,satellite.name,available,8.98,9.98,high,low,9,namecheap,,,09/09/2026 21:34
8c792fce-dd31-4fab-8ed4-4a59149f9412,toad.name,available,8.98,9.98,high,low,4,namecheap,,,05/08/2026 21:06
5876976b-419b-415d-b966-5c8735de5a7a,flat.name,available,8.98,9.98,high,low,4,namecheap,,,21/09/2026 12:19
6ee02340-2c2e-4b8f-87ab-c1cfb4c90614,abaft.name,available,8.98,9.98,low,low,5,namecheap,,,
80a9d827-5f75-4ae4-882b-9e4b8222c4ad,unshelled.name,available,8.98,9.98,high,medium,9,namecheap,,,10/09/2026 06:23
a1afb1c3-5923-4b81-8c75-12b8b9bd8533,landed.name,available,8.98,9.98,high,low,6,namecheap,,,22/08/2026 19:22
15216d66-8162-46be-a88b-2b36fc8f6454,slanting.name,available,8.98,9.98,medium,low,8,namecheap,,,07/08/2026 04:20
1dd0a7fc-3f46-4ff7-bd5b-7e0230b216ee,addict.name,available,8.98,9.98,high,low,6,namecheap,,,17/09/2026 06:48
6610a794-0ff8-4b1e-ad10-08ec71174a5f,unquestionable.name,available,9.98,,medium,low,14,namecheap,,,
66340d1d-6ce4-4398-aaf6-b3bb2a72441d,satiny.name,available,8.98,9.98,medium,low,6,namecheap,,,09/09/2026 21:41
ad954eb8-c363-47f3-b20b-682cc41d854e,falsetto.name,available,8.98,9.98,high,low,8,namecheap,,,17/08/2026 21:33
56cffd6c-503b-48f1-a69e-67eaeee450b2,apocryphal.name,available,8.98,9.98,high,low,10,namecheap,,,06/08/2026 01:11
561f5d4c-c3c5-4cd3-8d57-072ec627ed07,tractile.name,available,8.98,9.98,medium,low,8,namecheap,,,11/09/2026 18:39
6a42acd6-3e37-4245-88ae-747f079ad12d,bra.name,resell,,,high,low,3,"NameCheap, Inc.",22/01/2006 22:27,22/01/2027 22:27,26/09/2026 04:35
a9aee170-0e4f-4a9c-8ab3-e9bc3f29f7f2,abrupt.name,available,8.98,9.98,high,low,6,namecheap,,,
4de1baab-f1f9-452f-a004-0bad3d6b1b17,pervert.name,available,8.98,9.98,high,low,7,namecheap,,,23/09/2026 23:54
fc06ca4e-e37f-4176-9dd5-7a09e3e9329d,aquarium.name,available,8.98,9.98,high,low,8,namecheap,,,19/09/2026 23:02
662fd2c3-4162-4f94-9a91-6bae1fe51739,cheating.name,available,8.98,9.98,medium,low,8,namecheap,,,12/08/2026 03:32
0643d784-8249-41a9-861b-d05486a65ca0,imagination.name,available,9.98,,high,low,11,namecheap,,,
068ddab3-1a87-4db5-a58f-410e05be20cd,blahs.name,available,8.98,9.98,medium,low,5,namecheap,,,24/09/2026 03:42
569f256c-c406-4169-9f2c-14d14157a73e,atole.name,available,8.98,9.98,medium,low,5,namecheap,,,20/09/2026 21:52
0de55913-0b0a-4fc2-9bdb-9f71eee49fc0,blatant.name,available,8.98,9.98,medium,low,7,namecheap,,,10/08/2026 13:31
8dbc3f4f-bca1-4694-9fe0-fd77dfa0ff63,concourse.name,available,9.98,,high,low,9,namecheap,,,
8dc8a9e7-2978-46c2-b7ea-e36e95b41321,neighboring.name,available,9.98,,high,low,11,namecheap,,,
9d78830a-dc4b-4966-9c3e-47212ba4cdba,backplate.name,available,8.98,9.98,medium,low,9,namecheap,,,21/09/2026 15:46
b4c691b5-aa1f-4069-bece-80b7a11960fd,astheny.name,available,8.98,9.98,low,low,7,namecheap,,,20/09/2026 17:17
f2e3dd1a-08db-4a77-8ef3-3c2048d4f8ce,eater.name,available,8.98,9.98,high,low,5,namecheap,,,19/09/2026 09:42
d81cd03b-dad9-4c0b-bcc7-ecc5d97594ea,phonetic.name,available,8.98,9.98,high,low,8,namecheap,,,08/09/2026 19:04
5719fc91-c025-419e-86f0-ae6e1c57e67c,succinctly.name,available,8.98,9.98,medium,low,10,namecheap,,,16/09/2026 07:34
3b42df3a-cb3f-46aa-9242-24f4da6b91ef,capricorn.name,available,8.98,9.98,high,low,9,namecheap,,,24/09/2026 12:40
200e35aa-6f4d-4716-8255-e9768b360f1d,infertile.name,available,8.98,9.98,medium,low,9,namecheap,,,22/08/2026 04:24
397e81c0-d6ad-4933-bd46-dc3ee38eecbf,vandalism.name,available,9.98,,medium,low,9,namecheap,,,
1f6afa81-a08f-403f-8bf9-bf2956532fa3,parvenu.name,available,8.98,9.98,medium,low,7,namecheap,,,03/09/2026 22:14
83564048-b1c6-4842-9e2e-9674127a3d6b,worthful.name,available,8.98,9.98,medium,low,8,namecheap,,,13/09/2026 13:26
70917b87-4f45-4c86-a10a-250f398ef76f,haughty.name,available,8.98,9.98,medium,low,7,namecheap,,,21/08/2026 01:24
89c5b8eb-a3b0-4669-a825-d9a9051eef4a,wool.name,available,,,high,low,4,,,,
3d865b35-9d07-42ee-a30d-22f76a22d209,heartfelt.name,available,8.98,9.98,high,low,9,namecheap,,,21/08/2026 02:11
776d7536-6520-48d6-ad19-eea0dbecba63,lapsed.name,available,8.98,9.98,medium,low,6,namecheap,,,22/08/2026 19:47
2e2a232c-0dda-4d99-bb0b-908b270b339c,floods.name,available,8.98,9.98,low,low,6,namecheap,,,18/09/2026 19:03
64891482-9021-4178-a83a-7b3af3305817,childless.name,available,8.98,9.98,medium,low,9,namecheap,,,12/08/2026 05:10
52dc94a3-d625-4d15-b3d6-b15f0b4cc38b,archean.name,available,8.98,9.98,medium,low,7,namecheap,,,06/08/2026 15:05
7b581f1c-f1ba-4a7c-9168-196f14881638,autogyro.name,available,8.98,9.98,medium,low,8,namecheap,,,21/09/2026 06:23
9ccf2c6a-f949-44da-9a61-a9f3d917a234,proudly.name,available,8.98,9.98,high,low,7,namecheap,,,15/09/2026 21:48
5ede2ca9-c3c9-49c9-b3fc-db792d149bbf,sonsy.name,available,8.98,9.98,medium,low,5,namecheap,,,10/08/2026 20:35
40e942dc-444d-4d68-8aab-cae8b6c8ac1a,loop.name,available,,,high,high,4,,,,
5195a3b8-9b2d-49e9-8559-54b74291c097,apiece.name,available,8.98,9.98,high,low,6,namecheap,,,14/08/2026 22:12
3096629c-105b-4ffc-b850-10ba4a3acc54,billfish.name,available,8.98,9.98,medium,low,8,namecheap,,,23/09/2026 16:15
3458c40a-5b01-47bf-b136-9b19e0a6d41c,malaysian.name,available,8.98,9.98,high,low,9,namecheap,,,24/08/2026 13:46
a9fd2681-501e-40e7-9bde-d3b243169bd2,tidal.name,available,8.98,9.98,high,low,5,namecheap,,,11/09/2026 15:34
dddd4509-0ea0-4177-81bd-3bbc198876b6,euclidean.name,available,8.98,9.98,medium,low,9,namecheap,,,17/08/2026 14:06
25a7b572-35c8-42eb-98d0-713cd0092a66,amazons.name,available,8.98,9.98,medium,low,7,namecheap,,,21/09/2026 05:29
88767fab-5f3f-4905-b5a9-935354c6a17f,soleless.name,available,8.98,9.98,low,low,8,namecheap,,,10/09/2026 13:37
25433e06-676d-4413-b073-705c1f517974,forehead.name,available,9.98,,high,low,8,namecheap,,,
4da95af1-0ef3-4809-b800-9f9fd098c7dd,vanilla.name,available,8.98,9.98,high,low,7,namecheap,,,13/09/2026 01:08
e535aba5-6f09-4b91-a018-f16d9b3c2df3,durable.name,available,8.98,9.98,high,low,7,namecheap,,,24/09/2026 12:29
96c1950a-6a8c-48fe-bff0-d6c24537191b,democrat.name,available,,,high,low,8,,,,
ca5d74ed-47a4-497a-aefb-6adbf6476b70,fearlessly.name,available,8.98,9.98,high,low,10,namecheap,,,14/09/2026 10:44
c39d0279-cd05-48d2-a9a6-0e709a22e570,basketry.name,available,8.98,9.98,medium,low,8,namecheap,,,22/09/2026 11:28
b54b6c58-f5f1-433e-ba11-ed294663dd9d,monogenic.name,available,8.98,9.98,medium,low,9,namecheap,,,25/08/2026 05:13
3faf18ec-ef7c-4e76-9c8c-753c79c0c6d6,tethys.name,available,8.98,9.98,medium,low,6,namecheap,,,19/09/2026 17:56
a6184538-c407-412d-89ba-6790ad4e3f65,compassion.name,available,8.98,9.98,high,low,10,namecheap,,,24/09/2026 16:46
731f2b79-b3b3-4c90-a7ed-a4bb03e26b4c,rangy.name,available,8.98,9.98,medium,low,5,namecheap,,,18/08/2026 20:13
5f0c6129-7c22-4e56-afa6-6728ef21dd00,advertises.name,available,10.99,13.99,medium,low,10,name.com,,,18/09/2026 17:19
92c6a289-1335-45b6-a880-678f274a28d2,arugula.name,available,8.98,9.98,high,low,7,namecheap,,,20/09/2026 12:10
3cb5075f-3997-40df-8b7f-b3772d25c037,regarded.name,available,9.98,,high,low,8,namecheap,,,
1d7900a8-7d37-4da4-9d3c-3f205678838f,bettering.name,available,8.98,9.98,high,low,9,namecheap,,,09/08/2026 18:11
5c4747b5-969d-4910-a406-0a134289baf5,arere.name,available,8.98,9.98,medium,low,5,namecheap,,,20/09/2026 03:56
c34e67d6-458b-4ab4-a473-652620e40415,emeritus.name,available,8.98,9.98,high,low,8,namecheap,,,16/08/2026 15:05
5c4da948-8b81-4dc9-b101-e37af91ffdd6,puritanic.name,available,8.98,9.98,high,medium,9,namecheap,,,09/09/2026 06:20
5b88e4eb-7837-4373-82ea-9b89cb78f30d,sandy.name,available,,,high,low,5,,,,
ff929e47-4ef8-44d1-9738-6a1333eff2eb,might.name,available,9.98,,high,low,5,namecheap,,,
ba7ffaaf-0581-43a6-a5f6-4f65ef979182,yearly.name,available,9.98,,high,low,6,namecheap,,,
80a34aed-699e-470d-917b-d4d662a3560e,specially.name,available,9.98,,medium,low,9,namecheap,,,
64904cc2-cbee-4ae6-919e-ea1b7ad64676,junkie.name,available,8.98,9.98,medium,low,6,namecheap,,,17/09/2026 06:51
f17b0e30-5b8d-4748-a207-974508aa20a6,pantie.name,available,8.98,9.98,medium,low,6,namecheap,,,09/09/2026 22:40
ec115056-1940-4458-953f-ba7337a7c76d,asphyxia.name,available,8.98,9.98,medium,low,8,namecheap,,,20/09/2026 15:10
5fc3f217-d14c-4d4a-8290-a44427fc4c03,arsenide.name,available,8.98,9.98,medium,low,8,namecheap,,,20/09/2026 09:41
060292d1-58c2-415d-ba6d-51c151ee58da,conversation.name,available,,,high,low,12,,,,26/09/2026 00:44
00880acd-cb46-4d95-a898-e1789e2b4ed8,actuated.name,available,8.98,9.98,medium,low,8,namecheap,,,
7951cb11-23cf-4d4f-8369-7292393eb239,alabaman.name,available,8.98,9.98,medium,low,8,namecheap,,,18/09/2026 01:35
fc9939ab-4d49-4990-b778-7fd6ce23b531,offish.name,available,8.98,9.98,medium,low,6,namecheap,,,04/09/2026 01:35
5f1dd22e-a6b8-4788-a8da-d551530851e0,shrimp.name,available,9.98,,high,low,6,namecheap,,,
07deb2e0-ccdb-4965-9040-1b4ebd2b5ed1,cryogenic.name,available,8.98,9.98,medium,low,9,namecheap,,,13/08/2026 09:35
23ed1bfd-57f0-4e9b-b66f-3ab76dcae32e,affinal.name,available,8.98,9.98,medium,low,7,namecheap,,,
29bd702c-f766-425c-b6ac-c72c05bda005,bivouac.name,available,8.98,9.98,medium,low,7,namecheap,,,11/08/2026 15:54
8fd22f33-d858-44e0-93aa-40cdbad90577,instrument.name,available,8.98,9.98,high,low,10,namecheap,,,24/09/2026 13:05
036b3b62-29bd-4c6b-b543-58528d422fba,forking.name,available,8.98,9.98,medium,low,7,namecheap,,,11/08/2026 02:19
feadc792-845d-49fc-9691-9042fcf7caf1,penitent.name,available,8.98,9.98,medium,low,8,namecheap,,,08/09/2026 14:30
f728d78f-03d2-4adf-951d-c6fd284a6c06,dozens.name,available,8.98,9.98,high,low,6,namecheap,,,14/09/2026 23:20
9746955d-69bd-4d2a-aadb-177a58556c6a,bookworm.name,available,8.98,9.98,high,low,8,namecheap,,,09/09/2026 23:16
4a0d381d-d9af-4299-a5d3-dc5d2bbe05f3,bustling.name,available,8.98,9.98,high,low,8,namecheap,,,11/08/2026 11:21
2ef3b881-9b60-4bc7-97c4-cecdd82531b7,acclivity.name,available,8.98,9.98,medium,low,9,namecheap,,,16/09/2026 22:40
29012880-81c3-462f-9b72-06f62dfc24a8,steamy.name,available,8.98,9.98,medium,low,6,namecheap,,,21/08/2026 14:12
74aca997-c5c9-4589-93fa-09424325166b,abeyance.name,available,8.98,9.98,medium,low,8,namecheap,,,16/09/2026 15:20
c0432259-1e4b-40bf-ad16-c4de4373e813,toughened.name,available,8.98,9.98,medium,low,9,namecheap,,,11/09/2026 10:54
fa6a40f3-c19f-4477-afdb-4a8acbf97ce5,starchy.name,available,8.98,9.98,medium,low,7,namecheap,,,11/08/2026 07:29
9c4356c6-f07c-470e-983d-4a7eab257f91,rarest.name,available,8.98,9.98,high,low,6,namecheap,,,20/09/2026 08:14
e8f2ada3-d281-4bfc-8ca4-ea3f0f48f2b2,overactive.name,available,8.98,9.98,medium,low,10,namecheap,,,21/08/2026 16:42
bf8b6f5c-3046-4ea0-b1b7-1f717e2d3907,undeniably.name,available,8.98,9.98,medium,low,10,namecheap,,,16/09/2026 09:52
71434ea6-5095-4a8e-9b14-f6ea29373761,toothless.name,available,8.98,9.98,medium,low,9,namecheap,,,11/09/2026 17:15
60652094-20fd-4714-93b2-d1df406ee173,razorbill.name,available,8.98,9.98,medium,low,9,namecheap,,,18/09/2026 03:39
8dfb947e-97bb-4f5a-b9e9-40a4e72236bd,cagy.name,available,8.98,9.98,medium,low,4,namecheap,,,11/08/2026 13:21